,o_auroc,o_aupr,p_auroc,p_aupr,p_auroc_pooled,p_aupr_pooled,n_test,n_anom,glob_o_auroc,glob_p_auroc,glob_p_aupr,glob_p_auroc_pooled,glob_p_aupr_pooled,loc05_o_auroc,loc05_p_auroc,loc05_p_aupr,loc05_p_auroc_pooled,loc05_p_aupr_pooled,loc10_o_auroc,loc10_p_auroc,loc10_p_aupr,loc10_p_auroc_pooled,loc10_p_aupr_pooled,loc15_o_auroc,loc15_p_auroc,loc15_p_aupr,loc15_p_auroc_pooled,loc15_p_aupr_pooled,loc05_candidates,loc10_candidates,loc15_candidates,local_mem_size,align_fitness_mean,align_voxel,pose_switch_rate,train_ref_mean,train_ref_std,train_ref_p50,train_ref_p90,train_ref_p99
airplane,0.8044,0.729434174514195,0.9464565901008548,0.5643397274634465,0.9497449984377974,0.2159360827471759,100.0,50.0,0.7519999999999999,0.8720380522873693,0.2902850172488964,0.91146832299066,0.1923294160146196,0.7888000000000001,0.9529668352125849,0.6112512881376567,0.958092542993726,0.2752669921484904,0.8044,0.9464565901008548,0.5643397274634465,0.9497449984377974,0.2159360827471759,0.808,0.9405509283361678,0.5095032452482714,0.9500626344647068,0.2037645712795841,35.7190234375,169.44888671875,418.1013720703125,40960.0,0.958072939680109,0.05,0.01,14.702747344970703,5.121707439422607,15.645540237426758,20.15247917175293,22.383525848388672
candybar,0.9976,0.9975804073839027,0.9958817100391372,0.833138653197266,0.997081137935532,0.8175670587668556,100.0,50.0,0.9868,0.988141324633045,0.7432651834495256,0.9899036327232176,0.6963865701744798,1.0,0.9966456327839496,0.8637974387895424,0.9975385286191972,0.8282317595677352,0.9976,0.9958817100391372,0.833138653197266,0.997081137935532,0.8175670587668556,0.996,0.9954693491893356,0.8229424461131516,0.996918875518438,0.8098448015188136,101.1003369140625,412.13048828125,836.2162109375,40960.0,0.9999951004409604,0.05,0.13,10.579682350158691,4.425368785858154,11.321991920471191,15.637421607971191,17.75357437133789
car,0.8512000000000001,0.8805319942886574,0.9685268401942514,0.5408037694955741,0.9747921483124468,0.5327205585056004,100.0,50.0,0.72,0.9141783176838684,0.3407068030709739,0.9357759054867392,0.3101374862533814,0.8528,0.9672384467192948,0.5834526594238022,0.9751247740453776,0.6198737277022714,0.8512000000000001,0.9685268401942514,0.5408037694955741,0.9747921483124468,0.5327205585056004,0.8344,0.9673803229625002,0.5294803893270568,0.9726486904769512,0.4749183737421283,60.9293310546875,252.1263818359375,583.421201171875,40960.0,0.9996736836397676,0.05,0.0,14.284478187561035,5.499917984008789,15.34982681274414,20.24972343444824,22.21274185180664
chicken,0.7895299145299144,0.6936591777457477,0.93292506282721,0.4992269524081149,0.9156892136407928,0.2623085983441824,106.0,54.0,0.7108262108262109,0.8884768874654566,0.3264336833578738,0.8784382365728827,0.1672350532526833,0.8148148148148149,0.927403777882851,0.5135179381248219,0.914994377329218,0.2601071268217472,0.7895299145299144,0.93292506282721,0.4992269524081149,0.9156892136407928,0.2623085983441824,0.7767094017094016,0.929369002345923,0.4890361450219932,0.91415952221092,0.2556881458272985,38.43041070902122,182.1881356869104,440.9992491524175,40960.0,0.9272236617088836,0.05,0.0943396226415094,11.674875259399414,3.9409008026123047,12.191441535949709,15.850391387939451,18.03707695007324
diamond,1.0,1.0,0.9881909077907068,0.8314302929050393,0.9894921861825337,0.7683380595568086,100.0,50.0,0.9768,0.982472190598049,0.7533389473844183,0.9838834167273748,0.6669726751311673,1.0,0.9779876324318264,0.808235335987051,0.9779457208509744,0.7315115094330072,1.0,0.9881909077907068,0.8314302929050393,0.9894921861825337,0.7683380595568086,1.0,0.988661817011888,0.8271341489028211,0.9901856230076976,0.7680368356329151,35.1158740234375,144.47365234375,327.8871728515625,40960.0,0.9955298812757208,0.05,0.54,7.209087371826172,2.3215556144714355,7.656696319580078,9.5671968460083,10.967042922973633
duck,0.9012,0.8754065519976939,0.9773449869090254,0.6284506204600249,0.9837835701025476,0.3841113775257048,100.0,50.0,0.7924,0.9755424828043164,0.4394384740567615,0.977729948091758,0.2647878413287194,0.9144,0.9737994205168607,0.6763444052360659,0.9835927268984732,0.4989200269695044,0.9012,0.9773449869090254,0.6284506204600249,0.9837835701025476,0.3841113775257048,0.8892,0.9730977618053211,0.6042208800803336,0.9819572047141134,0.2896777982512393,37.4781201171875,156.5286669921875,359.551171875,40960.0,0.9548055692515068,0.05,0.03,9.600706100463867,5.58265495300293,11.24359893798828,15.746118545532228,18.386756896972656
fish,0.9988,0.9988307692307692,0.988818896482197,0.8119358126365388,0.9863900038198786,0.7269469597196543,100.0,50.0,0.8708,0.9175446699721296,0.5122611672509109,0.9252707931317856,0.4653264450552282,0.9996,0.9927192605678627,0.8433399203794113,0.9915354644604092,0.7677312018748699,0.9988,0.988818896482197,0.8119358126365388,0.9863900038198786,0.7269469597196543,0.9908,0.9855272015474612,0.7863014625163405,0.9832107794794784,0.6984025620348626,74.8249267578125,308.3843310546875,713.1269677734375,40960.0,0.9998435687465738,0.05,0.0,13.659112930297852,4.889695644378662,14.70544147491455,18.87095069885254,20.935266494750977
gemstone,0.828,0.8259714114573311,0.9654717573974844,0.6450339211991968,0.974549684778906,0.3789614776595466,100.0,50.0,0.8251999999999999,0.9800137001316748,0.538181056962157,0.9775763534980338,0.3569151162408622,0.8360000000000001,0.9443651335663404,0.6197227091373514,0.9531543397068152,0.3935880975731678,0.828,0.9654717573974844,0.6450339211991968,0.974549684778906,0.3789614776595466,0.8308,0.9660215215557622,0.6250578523247659,0.9791169477864604,0.3789654395801535,47.1932275390625,206.9114453125,488.859580078125,40960.0,0.9020315772429972,0.05,0.06,9.679454803466797,3.884847402572632,10.476536750793455,14.0244140625,15.838692665100098
seahorse,0.8608,0.8697767586313392,0.8757032413872432,0.4617738267893253,0.9094925975199374,0.1935246890664566,100.0,50.0,0.5788,0.8367688766181111,0.2055740532847413,0.844032985814657,0.0977546969045468,0.9372,0.8854580623738361,0.5317526677861076,0.9199226699672562,0.2215817882440544,0.8608,0.8757032413872432,0.4617738267893253,0.9094925975199374,0.1935246890664566,0.8048,0.8661831421187309,0.4061050612891877,0.8955637312110226,0.1768700612859731,175.228818359375,701.6008154296875,932.4302880859376,40960.0,0.9780523747069988,0.05,0.03,16.252384185791016,5.632933139801025,17.757369995117188,21.696908950805664,23.65619659423828
shell,0.5745192307692308,0.5710912963417907,0.8023678145545562,0.356980323745162,0.7508167167297206,0.0333193069876951,100.0,48.0,0.6037660256410255,0.8947840860789814,0.3231470934871041,0.8912776583372768,0.1712231638548904,0.5556891025641026,0.7805106174946773,0.3401304873572826,0.7349245661334527,0.0228549880270218,0.5745192307692308,0.8023678145545562,0.356980323745162,0.7508167167297206,0.0333193069876951,0.5657051282051282,0.8352291651206415,0.3414264137741146,0.795651738936386,0.0390335580128329,42.2071923828125,198.9487451171875,514.7816455078125,40960.0,0.8924290455836612,0.05,0.13,16.223352432250977,5.068395137786865,17.508298873901367,20.737218856811523,22.46015930175781
starfish,0.8404,0.8539126124484561,0.9009560815405212,0.4470026962159742,0.9194586341723484,0.3633028819862613,100.0,50.0,0.8812,0.8807490575462846,0.3200231255135691,0.8929572627218803,0.2141959615819066,0.8283999999999999,0.8940119074868634,0.4230353378114613,0.9204310645997766,0.3518377505395138,0.8404,0.9009560815405212,0.4470026962159742,0.9194586341723484,0.3633028819862613,0.8752,0.8987210727032526,0.4269869084048685,0.9174624376024084,0.3458782157659196,98.221884765625,462.743603515625,834.332392578125,40960.0,0.9973688729194672,0.05,0.25,16.851781845092773,5.695051193237305,18.479177474975582,22.09095001220703,23.874727249145508
toffees,0.8244,0.8747953446389136,0.9603266223825788,0.5512498507869982,0.9715380542771588,0.523314908398307,100.0,50.0,0.8603999999999999,0.9335197174114294,0.3998088671000738,0.9432762636850288,0.3102465898396655,0.8459999999999999,0.964198568025211,0.581118029238015,0.9751919501541012,0.5903455836666506,0.8244,0.9603266223825788,0.5512498507869982,0.9715380542771588,0.523314908398307,0.8256,0.9570562198707244,0.5359027389353285,0.9665021835052656,0.4966506665268389,78.844619140625,340.1838037109375,757.6476123046875,40960.0,0.999935790055528,0.05,0.03,12.627551078796388,4.621304988861084,13.219636917114258,17.978294372558594,20.274871826171875
__mean__,0.8559040954415956,0.8475825415565663,0.9419142093004805,0.5976138706085551,0.9435690788258002,0.43336266327202067,100.5,50.166666666666664,0.7965826863722697,0.9220191136025596,0.4327052893472505,0.9292992316484412,0.32612591796934587,0.8644753264482432,0.9381087745885132,0.6163081847840474,0.9418707271465648,0.46348754604733616,0.8559040954415956,0.9419142093004805,0.5976138706085551,0.9435690788258002,0.43336266327202067,0.8497678774928774,0.9419389587139757,0.5753414743281862,0.9452866974094873,0.4114775857882133,68.77448043343405,294.63907966661753,600.6129053655661,40960.0,0.9670801721043478,0.05000000000000001,0.10869496855345913,12.778767824172974,4.723694423834483,13.79629643758138,17.716838995615642,19.73171941439311
