,o_auroc,o_aupr,p_auroc,p_aupr,p_auroc_pooled,p_aupr_pooled,n_test,n_anom
airplane,0.7792,0.7854608391918819,0.8509730582238152,0.21364661722527692,0.8916469588482876,0.13160076358393938,100.0,50.0
candybar,0.9016000000000001,0.9143127991536203,0.9813188834664544,0.6458482114497842,0.9819531803607335,0.564227049201469,100.0,50.0
car,0.5012,0.5870578992582958,0.8929461385905099,0.2203224209773963,0.9199270411168886,0.17135751072434138,100.0,50.0
chicken,0.657051282051282,0.6207812411589513,0.8610887644201368,0.2550339003535862,0.857018646373662,0.11746488761063124,106.0,54.0
diamond,0.9808,0.9849323526067459,0.9889687325791485,0.8253983017164989,0.9914149592472354,0.7698784230816909,100.0,50.0
duck,0.6271999999999999,0.575451986971399,0.9586280712994588,0.27519696531831517,0.9653645501920991,0.11758198361933994,100.0,50.0
fish,0.838,0.8662130729116083,0.9183032524748347,0.4748746130670481,0.9371314709148126,0.4587761656600905,100.0,50.0
gemstone,0.7584,0.7709559190427062,0.9638262190351835,0.5325707928808763,0.9745169369019039,0.40479753117051476,100.0,50.0
seahorse,0.5811999999999999,0.5766251079595263,0.8250870379418336,0.21644041477058454,0.8333102494195096,0.09491698116518943,100.0,50.0
shell,0.32211538461538464,0.3888131140328549,0.8653046124594393,0.24372499344348522,0.8786396772912287,0.10330185329459597,100.0,48.0
starfish,0.7252000000000001,0.7383003586419128,0.7897678113320901,0.19842858153342455,0.8354798868094371,0.12250570838352602,100.0,50.0
toffees,0.7136,0.7552524542957302,0.8740306611107888,0.2555424851104492,0.9040223630543055,0.1604486980590088,100.0,50.0
__mean__,0.6987972222222223,0.7136797621021028,0.8975202702444744,0.3630856914872271,0.9142021600441755,0.2680714629628615,100.5,50.166666666666664
