,o_auroc,o_aupr,p_auroc,p_aupr,p_auroc_pooled,p_aupr_pooled,n_test,n_anom,align_fitness_mean,align_voxel,pose_switch_rate,train_cut_n,train_cut_fit_mean
airplane,0.6688000000000001,0.5525255208317572,0.8803188273664706,0.3425776029714384,0.9216776057116821,0.09733823056674969,100.0,50.0,0.9677140971626648,0.05,0.01,4.0,1.0
candybar,0.9524,0.9669596163532046,0.9826162793514331,0.6934886266601241,0.9839218217074087,0.6335494943164842,100.0,50.0,0.9999951004409603,0.05,0.13,8.0,1.0
car,0.5843999999999999,0.5958462253131922,0.9113741426760785,0.2886798830675979,0.9315253336887974,0.2353955173833105,100.0,50.0,0.9996736836397675,0.05,0.0,8.0,0.862225740427131
chicken,0.6552706552706553,0.6199132528545261,0.8773146129934253,0.2741962516235556,0.873766619682288,0.1400857732245242,106.0,54.0,0.9294855767082607,0.05,0.07547169811320754,8.0,0.823181313886981
diamond,0.9528,0.9678868150547458,0.983469472730647,0.7847622119104228,0.9844161621949993,0.6990296204198687,100.0,50.0,0.995392921485085,0.05,0.54,8.0,0.99766926958427
duck,0.7011999999999999,0.6650968001494756,0.9826555946377671,0.4990558027553984,0.9808347218373832,0.2505717004250002,100.0,50.0,0.9516405556291988,0.05,0.04,9.0,0.9834405834405834
fish,0.8155999999999999,0.8493891381512241,0.9112079043358472,0.4817392051585601,0.9204837018712915,0.3751320029060309,100.0,50.0,0.9998435687465738,0.05,0.0,8.0,1.0
gemstone,0.7568,0.7708180999646275,0.9758020091708088,0.5944033477287379,0.9717610549282599,0.4060586115785116,100.0,50.0,0.904776254789656,0.05,0.04,8.0,0.7509382283707724
seahorse,0.6416,0.701143168971349,0.8351983623923007,0.26842619060801776,0.8486599290834369,0.14898085923201515,100.0,50.0,0.9844096624110596,0.05,0.02,8.0,0.7343674268296454
shell,0.531650641025641,0.5500855891695479,0.8319113514005579,0.17506513316825112,0.7967448073908708,0.02886811770183886,100.0,48.0,0.9006543726202269,0.05,0.12,4.0,0.913354512095554
starfish,0.8048,0.8408130757876424,0.8882431849732039,0.3765677168859961,0.8865476162399447,0.24861324176478786,100.0,50.0,0.9973688729194672,0.05,0.25,8.0,0.9727965706776351
toffees,0.8388000000000001,0.8892439009709667,0.9493546610665257,0.47082503847784407,0.9524553645495188,0.4462683700715899,100.0,50.0,0.9999357900555279,0.05,0.03,8.0,1.0
__mean__,0.7420101080246914,0.7474767669643549,0.9174555335912555,0.4374822509179954,0.9210662282404901,0.30915762829922605,100.5,50.166666666666664,0.9692408713840374,0.049999999999999996,0.10462264150943397,7.416666666666667,0.919831137109381
