,o_auroc,o_aupr,p_auroc,p_aupr,p_auroc_pooled,p_aupr_pooled,n_test,n_anom,train_cut_n
airplane,0.6652,0.6469872001301654,0.8806939985708132,0.3274320972512431,0.91983334299042,0.136814935876753,100.0,50.0,4.0
candybar,0.8024,0.8235997282178394,0.9394456901348345,0.4212115277265849,0.9399400351258681,0.3102046960233755,100.0,50.0,8.0
car,0.4872,0.5339154668067834,0.8587014076469042,0.18461373813063633,0.8983334857191168,0.11158704582704178,100.0,50.0,8.0
chicken,0.6980056980056981,0.7066452807240831,0.8713441103848086,0.2635602567443059,0.8598654689912134,0.12338048839635421,106.0,54.0,8.0
diamond,0.9248000000000001,0.9419814206669467,0.9824873768283302,0.7777759364630634,0.982725880150431,0.6831660770724068,100.0,50.0,8.0
duck,0.5868,0.5464871292934196,0.9705982337008919,0.3703446546453917,0.9724661524444985,0.14012162907641035,100.0,50.0,9.0
fish,0.6764,0.6681996600737397,0.8755507069531724,0.26960446726841925,0.8875039209734797,0.11842304599882325,100.0,50.0,8.0
gemstone,0.6871999999999999,0.6141873251973409,0.9642049374938986,0.4728226589090517,0.9658308236173777,0.2640451999964587,100.0,50.0,8.0
seahorse,0.472,0.510844391802132,0.7557181912837179,0.12696032541784963,0.764944141204261,0.05422464752694017,100.0,50.0,8.0
shell,0.5454727564102565,0.6059451498250941,0.7804826023809764,0.12289538468493193,0.7599811635430334,0.04599469302592438,100.0,48.0,4.0
starfish,0.7156,0.7372598807746322,0.8723944187766475,0.3523807376244147,0.8785683438686692,0.21309510840935406,100.0,50.0,8.0
toffees,0.7684,0.8260604949797228,0.9318570732844633,0.3943210875767252,0.9385087138527171,0.3267296485890081,100.0,50.0,8.0
__mean__,0.669123204534663,0.6801760940409914,0.8902898956199549,0.3403269060368848,0.897375122706757,0.21064893465157086,100.5,50.166666666666664,7.416666666666667
