,o_auroc,o_aupr,p_auroc,p_aupr,p_auroc_pooled,p_aupr_pooled,n_test,n_anom,align_fitness_mean,align_voxel
airplane,0.6248,0.627573222882813,0.885836424615829,0.19890463543890025,0.9236894492130829,0.05820418646801689,100.0,50.0,0.9703084475963505,0.05
candybar,0.7415999999999999,0.7779819611824931,0.9710944561318909,0.48568587563510135,0.9725752291423878,0.34955565768688657,100.0,50.0,0.9999951004409603,0.05
car,0.542,0.5961614930072812,0.9056567685028605,0.16464946756407198,0.9247507546669941,0.10910786872219197,100.0,50.0,0.9996736836397675,0.05
chicken,0.6214387464387464,0.590076101044849,0.8834703475186595,0.3340637397136819,0.8696989880412137,0.12098341261697408,106.0,54.0,0.8939786123956629,0.05
diamond,0.9856,0.9857475139155256,0.9899229413157328,0.8269647194577984,0.9932499702514181,0.780056678432151,100.0,50.0,0.9953982495582722,0.05
duck,0.6984,0.6423857110195464,0.970616248275118,0.3982009065409842,0.9698009408098789,0.1921161769083055,100.0,50.0,0.9387885523997173,0.05
fish,0.7008000000000001,0.7577887579730724,0.9252395901524888,0.3971776060843524,0.9409279479828567,0.389857882597903,100.0,50.0,0.9998435687465738,0.05
gemstone,0.7323999999999999,0.6128174277355499,0.9829866714514126,0.6491125788069403,0.9784164987962256,0.2528933158197246,100.0,50.0,0.8814298840513007,0.05
seahorse,0.6184,0.7058201919575142,0.7814488691986188,0.18001348831116054,0.8084264757521952,0.08767897678361934,100.0,50.0,0.9574124151803286,0.05
shell,0.4431089743589744,0.48293554157018004,0.9504854291600605,0.31415707268887366,0.9426785110586391,0.10647482250967714,100.0,48.0,0.8830424707095306,0.05
starfish,0.6376000000000001,0.6372860597234826,0.8004176069918055,0.17944404673479383,0.8435354573942183,0.09817291328594015,100.0,50.0,0.9709073555893144,0.05
toffees,0.7055999999999999,0.6978385251121537,0.8004535836631409,0.08429865383390726,0.8367887540315332,0.033811814633817334,100.0,50.0,0.9999357900555279,0.05
__mean__,0.6709789767331436,0.6762010422603718,0.9039690780814681,0.3510560659008805,0.9170449147617203,0.21490947553876727,100.5,50.166666666666664,0.957559510863609,0.049999999999999996
