,o_auroc,o_aupr,p_auroc,p_aupr,p_auroc_pooled,p_aupr_pooled,n_test,n_anom,align_fitness_mean,align_voxel,pose_switch_rate
airplane,0.7308,0.6904501967431461,0.8659683527097398,0.29484138128067916,0.9083676901249373,0.20167705039382455,100.0,50.0,0.9616847126568848,0.05,0.03
candybar,0.9768,0.9805254301461113,0.9881413377682565,0.7432649910568017,0.9899037105451176,0.6963872567510568,100.0,50.0,0.9999951004409603,0.05,0.13
car,0.8072,0.8289054649091686,0.9122471164500212,0.342832654647229,0.935129818401596,0.30683977074236146,100.0,50.0,0.9996736836397675,0.05,0.0
chicken,0.6691595441595442,0.608257264082999,0.8869280737247772,0.3254272858149627,0.8773710573938378,0.16692233546876556,106.0,54.0,0.9320180956331232,0.05,0.10377358490566038
diamond,0.9328,0.9414292645964555,0.9826366586954137,0.7523573919532557,0.9840383437249858,0.6669857770660839,100.0,50.0,0.9953798302561053,0.05,0.56
duck,0.8251999999999999,0.7653042296971733,0.9756699550993457,0.43818666859195754,0.978043386692292,0.26672732392855014,100.0,50.0,0.9532098453501646,0.05,0.03
fish,0.8688,0.890634107009636,0.9178136299265718,0.5129426231909621,0.9255914998343306,0.46625309984917657,100.0,50.0,0.9998435687465738,0.05,0.0
gemstone,0.7484000000000001,0.7059239537403753,0.979632351050261,0.537117926954519,0.9772786388330127,0.3611431843293632,100.0,50.0,0.8977178612704115,0.05,0.03
seahorse,0.5488000000000001,0.5552103287830603,0.8368722801512127,0.20517339139401597,0.8454508465047713,0.09772593142135348,100.0,50.0,0.9819876387615133,0.05,0.03
shell,0.6534455128205129,0.6591079962689543,0.8998987803329195,0.34046598947384776,0.8951917524426334,0.16768347177746326,100.0,48.0,0.8997309936231497,0.05,0.13
starfish,0.8059999999999999,0.8312067176957324,0.8810720288692291,0.32052651351296,0.8925111119243399,0.2148548743139678,100.0,50.0,0.9971669726819374,0.05,0.26
toffees,0.7776000000000001,0.7880136304806356,0.9357323771273519,0.40920505984876493,0.9445635594976478,0.31964968102353186,100.0,50.0,0.9999357900555279,0.05,0.05
__mean__,0.7787504214150047,0.770414048679454,0.9218844118254249,0.435195156476663,0.9294534513266252,0.3277374797554582,100.5,50.166666666666664,0.9681953410930099,0.049999999999999996,0.11281446540880506
