,o_auroc,o_aupr,p_auroc,p_aupr,p_auroc_pooled,p_aupr_pooled,n_test,n_anom,align_fitness_mean
airplane,0.5795999999999999,0.5857053446277511,0.8801587670929203,0.19168711115720452,0.9208122780639982,0.05175754296632033,100.0,50.0,0.9532716147246981
candybar,0.7764,0.807066434497627,0.9724775906921124,0.4969703340026326,0.9745754167502625,0.37810901672797625,100.0,50.0,0.9999951004409603
car,0.5704,0.6506250207684063,0.91054024508085,0.16699666179765826,0.9277268241761742,0.11060619157050214,100.0,50.0,0.9996736836397675
chicken,0.6014957264957266,0.5739319219625898,0.897993920968801,0.35897233261131256,0.8710522674070924,0.12783490241486825,106.0,54.0,0.9154097840897546
diamond,0.9580000000000001,0.9549938465291157,0.9901377331012449,0.8361694680550859,0.9927375799453279,0.7920406335034974,100.0,50.0,0.9951702077427137
duck,0.7444,0.6645414105875336,0.9696444567508674,0.3924496962019078,0.9711811226545162,0.13953791827258424,100.0,50.0,0.9274726876343103
fish,0.7155999999999999,0.7671425223456847,0.9291487453542361,0.42217033497964296,0.9443877469739903,0.4125500248213479,100.0,50.0,0.9998435687465738
gemstone,0.7124,0.5965656598742847,0.9839852991706488,0.6691500066665921,0.9784149053411012,0.24707209600154106,100.0,50.0,0.8762669211204636
seahorse,0.6616,0.749418289952158,0.7949972039660845,0.1974717158279159,0.8225428245725587,0.10276171786890764,100.0,50.0,0.9568284093570967
shell,0.5669070512820513,0.5943475317145109,0.9377474280931529,0.31710476334266907,0.9414463923254841,0.11542924359266764,100.0,48.0,0.9016688194987151
starfish,0.576,0.533655900350053,0.8110707234252236,0.17962353695637906,0.842985199781176,0.09009475378791458,100.0,50.0,0.9917810602181387
toffees,0.6132,0.6383753975753017,0.8248152319410736,0.10455392068861323,0.8625206162096763,0.04929818431926509,100.0,50.0,0.9999115378324075
__mean__,0.6730002314814815,0.6763641067320846,0.9085597788031013,0.3611099901906345,0.92086526451678,0.21809101882061602,100.5,50.166666666666664,0.9597744495871333
