,o_auroc,o_aupr,p_auroc,p_aupr,p_auroc_pooled,p_aupr_pooled,n_test,n_anom,align_fitness_mean,pose_switch_rate
airplane,0.5795999999999999,0.594660233101425,0.8799852145178741,0.19527655626418242,0.9194358145728581,0.05056650625694282,100.0,50.0,0.9585335943394969,0.02
candybar,0.8064,0.8329603162146262,0.9726367065455012,0.49089931491794686,0.975008039362861,0.3865291205810003,100.0,50.0,0.9999951004409603,0.13
car,0.5539999999999999,0.6039122169785545,0.9070038758452326,0.16694244963471244,0.9268054426582879,0.1040986416241278,100.0,50.0,0.9996736836397675,0.0
chicken,0.6278490028490029,0.5899626092500335,0.8980700765157,0.35665362899384534,0.8768532886239951,0.14089545101240428,106.0,54.0,0.9303327876329832,0.07547169811320754
diamond,0.9548,0.9496492488593112,0.9902297741612149,0.8392765828266038,0.9931301463092411,0.7866453839791587,100.0,50.0,0.9954186423037225,0.54
duck,0.7836,0.7265233245970076,0.9741611594244866,0.43560565014506847,0.974009350637457,0.21600923569818858,100.0,50.0,0.9514253607139378,0.04
fish,0.7135999999999999,0.7656131585102864,0.928916487957656,0.42060297550697073,0.9442307747896654,0.4115644538550227,100.0,50.0,0.9998435687465738,0.0
gemstone,0.7256,0.6106645173108994,0.9836567507404484,0.6690586000431512,0.9779241187791063,0.24023251086691377,100.0,50.0,0.8942944883450836,0.05
seahorse,0.6804,0.747919047203395,0.8108945387966405,0.19887344039354013,0.8299287723213159,0.10665723557308164,100.0,50.0,0.9761711980759626,0.03
shell,0.578525641025641,0.5715881754029866,0.9473324424554267,0.31879920996218586,0.946312244612308,0.13425770985316401,100.0,48.0,0.9007665377699368,0.13
starfish,0.6856000000000001,0.6506324014930512,0.8336199036548883,0.19283382444679645,0.8660511391687763,0.10398886775035644,100.0,50.0,0.9971669726819374,0.25
toffees,0.5740000000000001,0.594349192331382,0.8260669403151252,0.11201563108644955,0.8656415195447195,0.04681724420014755,100.0,50.0,0.9999357900555279,0.03
__mean__,0.6886645536562203,0.6865362034377466,0.9127144892441829,0.36640315535178775,0.9246108876150494,0.2273551967708758,100.5,50.166666666666664,0.9669631437288241,0.10795597484276731
