category,o_base,o_cuts4,o_icp,o_icp_cuts4,o_full_stack,o_mhr6,o_auto_vox,voxel_chosen,pose_switch_r6,d_mhr6
airplane,0.635,0.644,0.531,0.580,0.586,0.580,0.567,0.05,,-0.055
candybar,0.746,0.756,0.702,0.776,0.778,0.806,0.771,0.03,,+0.060
car,0.510,0.547,0.533,0.570,0.559,0.554,0.558,0.03,,+0.044
chicken,0.622,0.627,0.621,0.601,0.601,0.628,0.640,0.05,,+0.006
diamond,0.990,0.983,0.957,0.958,0.965,0.955,0.965,0.03,,-0.035
duck,0.727,0.724,0.729,0.744,0.742,0.784,0.735,0.03,,+0.057
fish,0.663,0.661,0.665,0.716,0.740,0.714,0.736,0.03,,+0.051
gemstone,0.637,0.658,0.723,0.712,0.712,0.726,0.734,0.05,,+0.089
seahorse,0.515,0.491,0.648,0.662,0.653,0.680,0.641,0.03,,+0.165
shell,0.380,0.397,0.561,0.567,0.513,0.579,0.491,0.03,,+0.199
starfish,0.605,0.741,0.616,0.576,0.651,0.686,0.629,0.03,,+0.081
toffees,0.615,0.562,0.645,0.613,0.629,0.574,0.581,0.03,,-0.041
__mean__,0.6371,0.6492,0.6610,0.6730,0.6774,0.6887,0.6707,,,
