cls,file,label,fitness,pose_idx,res_med,res_p90,res_p99,rev_p90,ref_res_med,ref_res_p90,ref_rot_deg,ref_trans,loo_med,loo_p90,loc10_p99,glob_p99,ratio,grp,res_rel,p99_rel,misreg
cap3,cap3_positive0.pcd,0,1.0,0,0.0019116219870688,0.0030148231212468,0.0038602833153516,0.0146333208626968,0.0018881129615489,0.0030061609168322,0.0347630746503674,0.0003977410001755,0.0021118801670556,0.0033355515582081,86.82562255859375,23.1365909576416,3.752740527658281,FAIL,0.9051754057305244,1.157314839236181,False
cap3,cap3_positive1.pcd,0,1.0,0,0.0018766631724953,0.0029776459435127,0.0038481667964534,0.0146176758397505,0.0018678625921931,0.0029792225241965,0.0223463609895316,0.0003129578385933,0.0021118801670556,0.0033355515582081,74.59902587890701,23.384494438171412,3.1901064218491784,FAIL,0.8886219974837676,1.153682300902788,False
cap3,cap3_positive10.pcd,0,1.0,0,0.0018856976456877,0.0029883038624637,0.0038842751106814,0.0145625503058635,0.0018622369590277,0.0029817100016114,0.0607423685109916,0.0003196674566332,0.0021118801670556,0.0033355515582081,112.5558941650389,22.573212203979452,4.9862595162772765,FAIL,0.8928999263801765,1.1645075912926621,False
cap3,cap3_positive11.pcd,0,1.0,0,0.0018753828946109,0.0029905200989949,0.0038892596735273,0.0146137165561143,0.0018853371513517,0.0029884804134802,0.0817272051757849,0.0003699609032929,0.0021118801670556,0.0033355515582081,103.88665008544922,22.366470336914062,4.644749418239348,FAIL,0.8880157709069136,1.1660019656888947,False
cap3,cap3_positive12.pcd,0,0.9911317567567568,0,0.0025227826787271,0.0046857658215583,0.0253015208440268,0.015379157911624,0.0020020765358555,0.0030855977918389,8.241561234570387,0.0182813289000073,0.0021118801670556,0.0033355515582081,131.6698455810547,25.317072982788087,5.200832089498299,FAIL,1.1945671530427713,7.585408410721462,True
cap3,cap3_positive13.pcd,0,1.0,0,0.006268898504998,0.0071367455991713,0.0078755906197752,0.0147427435378472,0.0062765509213995,0.007122723523715,0.0321347087421412,0.0002259553661856,0.0021118801670556,0.0033355515582081,58.89024757385252,32.00289535522461,1.8401537398471177,FAIL,2.9683968829245404,2.3611059467496482,False
cap3,cap3_positive14.pcd,0,1.0,0,0.0019892405798498,0.0030871840327194,0.0039084074309728,0.0147722586494701,0.0019848638663402,0.0030541203667744,0.0958352329318165,0.0001735571551562,0.0021118801670556,0.0033355515582081,130.47796173095696,27.199357986450195,4.797097115158258,FAIL,0.9419287187223387,1.171742472801843,False
cap3,cap3_positive2.pcd,0,1.0,0,0.001855293494188,0.0029676695341928,0.0038166130169016,0.0146708634787095,0.0018539203132257,0.0029669345364803,0.0845373090621974,0.0004364253327419,0.0021118801670556,0.0033355515582081,68.67697563171387,22.430641174316406,3.061748217449556,FAIL,0.8785032044572231,1.1442224622520696,False
cap3,cap3_positive3.pcd,0,1.0,0,0.0067940752930869,0.0078942180199538,0.0087762238752423,0.0150921655519602,0.0068071426346456,0.0078549319650975,0.1167750828458065,0.0005138120562555,0.0021118801670556,0.0033355515582081,65.08902168273926,37.54063415527344,1.733828507358766,FAIL,3.217074244586166,2.6311162403248827,False
cap3,cap3_positive4.pcd,0,1.0,0,0.001873266747376,0.0029999523110024,0.0038559331197812,0.0146228606223817,0.001861288971899,0.0029965554124695,0.0245510112135502,0.000211953019352,0.0021118801670556,0.0033355515582081,42.82132400512696,22.34422203063965,1.9164383502100883,FAIL,0.8870137504003002,1.1560106484615862,False
cap3,cap3_positive5.pcd,0,1.0,0,0.0018729281362195,0.0029808094572137,0.0038757974156211,0.0145824751535261,0.0018729188976986,0.0029812736741312,0.2348325856504377,0.0006541828458649,0.0021118801670556,0.0033355515582081,35.59572029113766,21.37932777404785,1.6649597530539264,FAIL,0.886853414050832,1.1619659741380903,False
cap3,cap3_positive6.pcd,0,1.0,0,0.0063201489315752,0.0072200829250021,0.0079742728527882,0.0149094422232271,0.0063099471542791,0.0071990180422294,0.3483830434640829,0.0008631416375855,0.0021118801670556,0.0033355515582081,59.966312408447266,34.957837600708,1.7153896386094767,FAIL,2.992664560313004,2.39069092881061,False
cap3,cap3_positive7.pcd,0,1.0,0,0.0019113393407893,0.0030249374947929,0.003889785363519,0.0146042945213625,0.001858506805826,0.0029733804005718,0.3254189388430561,0.0012214421402333,0.0021118801670556,0.0033355515582081,50.86221408843991,21.2485294342041,2.3936816072817813,FAIL,0.90504156940595,1.1661595678073227,False
cap3,cap3_positive8.pcd,0,1.0,0,0.0019369973630344,0.0030512756089669,0.003997687425358,0.0146220638088355,0.0018909262855703,0.0029958963488613,0.5576753748373274,0.0014594824566953,0.0021118801670556,0.0033355515582081,53.705670928954866,23.86299705505371,2.2505836465156444,FAIL,0.9171909435254451,1.1985086590913343,False
cap3,cap3_positive9.pcd,0,0.9824486301369864,0,0.0022255684091818,0.003689569480632,0.0530675273229305,0.0156782596787491,0.0018994512144635,0.0030125431256822,12.148232091007754,0.0268799751751491,0.0021118801670556,0.0033355515582081,139.27404937744157,23.14971160888672,6.016232587708652,FAIL,1.0538327145165178,15.909670828604742,True
cap5,cap5_positive0.pcd,0,0.8123526638378123,0,0.0044476780937256,0.17416693618101,0.4092575976934676,0.1821905784222898,0.003778632171082,0.1755681903861715,2.5008970358846927,0.0105990808002472,0.0033023893479187,0.0044161067077096,100.3636245727539,28.361551666259768,3.5387212150367353,FAIL,1.3468060925428758,92.67384707416362,True
cap5,cap5_positive1.pcd,0,1.0,0,0.0021123886449116,0.0031939481501522,0.0039541986183065,0.0144449205611986,0.0020875162281541,0.0031540832999148,0.1010851073918031,0.0007631173955727,0.0033023893479187,0.0044161067077096,138.46030334472607,27.069403152465803,5.115011312398052,FAIL,0.6396546325595779,0.895403775321664,False
cap5,cap5_positive10.pcd,0,1.0,0,0.0020403129011385,0.0031344022641012,0.0039262674038673,0.0142991849865467,0.0020284370263851,0.0031242147786622,0.0403237204734966,0.0004380747993601,0.0033023893479187,0.0044161067077096,65.71062553405761,25.40790367126465,2.5862277496105976,FAIL,0.6178293006015139,0.8890789248848668,False
cap5,cap5_positive11.pcd,0,1.0,0,0.002011726063228,0.0031085686486789,0.0039292609195084,0.014294139782055,0.001992820027316,0.003082832602677,0.1398144579725674,0.0007944842793065,0.0033023893479187,0.0044161067077096,88.3331527709961,25.287811279296875,3.4931118314424636,FAIL,0.6091728900760509,0.8897567879527757,False
cap5,cap5_positive12.pcd,0,1.0,0,0.0020565324362764,0.0031375709063871,0.0039243301215057,0.0141460669071305,0.002046636826837,0.0031344736143513,0.0165683272573272,0.0002048917391888,0.0033023893479187,0.0044161067077096,32.19395065307617,25.27760124206543,1.2736157337390455,FAIL,0.6227407551361289,0.8886402392982578,False
cap5,cap5_positive13.pcd,0,1.0,0,0.0020898217930189,0.0031629980257246,0.0039368917377188,0.0141004291869907,0.002038147667787,0.0031238387889743,0.0630087146267441,0.0009993297298856,0.0033023893479187,0.0044161067077096,28.51887321472168,24.668765106201175,1.1560721865057069,FAIL,0.6328211403467585,0.8914847394529234,False
cap5,cap5_positive14.pcd,0,1.0,0,0.002045963952079,0.0031427140751009,0.0040071274338094,0.0142824593957496,0.0019500951505447,0.0030527583017251,0.5341539776978379,0.0016303243546958,0.0033023893479187,0.0044161067077096,64.69702911376953,24.977496757507318,2.59021269192334,FAIL,0.6195405012944489,0.9073891776242166,False
cap5,cap5_positive2.pcd,0,1.0,0,0.002119707739436,0.0031678011911142,0.0039591338050493,0.0143050645057537,0.0020790583712065,0.0031321174962434,0.0281118984258543,0.0007486422546548,0.0033023893479187,0.0044161067077096,183.18639266967764,27.192800521850586,6.736576930444493,FAIL,0.6418709352886951,0.8965213177791831,False
cap5,cap5_positive3.pcd,0,1.0,0,0.0019961395747925,0.0030798944077075,0.0038717591784043,0.014188118386369,0.0019934919844562,0.0030757553886836,0.0430240794299775,0.0002070085505672,0.0033023893479187,0.0044161067077096,69.02169647216787,25.036104202270508,2.7568864514435254,FAIL,0.6044531290807815,0.8767358749835047,False
cap5,cap5_positive4.pcd,0,1.0,0,0.0019792626079858,0.0030824246270585,0.0038912998934038,0.0140280294625771,0.0019487076607484,0.003042772106381,0.0644797349997736,0.0004982472415307,0.0033023893479187,0.0044161067077096,48.228909759521486,24.54588554382324,1.9648470075938196,FAIL,0.5993425969694373,0.8811607488130673,False
cap5,cap5_positive5.pcd,0,1.0,0,0.0019595463183162,0.0030801819509103,0.003843200884675,0.0142463288993524,0.0019628585451268,0.003051374608449,0.2450769319460011,0.0007891596873144,0.0033023893479187,0.0044161067077096,73.35392097473145,26.288467655181886,2.790346015480754,FAIL,0.5933722865086111,0.8702690263270981,False
cap5,cap5_positive6.pcd,0,1.0,0,0.0020059635270165,0.0030871822574405,0.003867587799882,0.0142799722616862,0.0020047912949953,0.0030727393700204,0.026658591389545,0.0003399902729966,0.0033023893479187,0.0044161067077096,201.7920684814453,27.684105854034424,7.289094672062093,FAIL,0.6074279304106706,0.8757912921646571,False
cap5,cap5_positive7.pcd,0,1.0,0,0.0020333546286266,0.0031122719471141,0.0038928204855428,0.0142764638972523,0.0019972678727689,0.0030868130585113,0.0539706790615273,0.0005604585072435,0.0033023893479187,0.0044161067077096,75.52983169555664,27.21355438232422,2.7754489779039986,FAIL,0.6157222587663996,0.8815050774807476,False
cap5,cap5_positive8.pcd,0,1.0,0,0.0046064871248306,0.0061173839982229,0.0069671645797963,0.0142397437472362,0.004601164181584,0.0061198844763634,0.0769877453221247,0.0003621042461507,0.0033023893479187,0.0044161067077096,81.72283920288088,31.693597469329834,2.5785283378437795,FAIL,1.3948952226768159,1.5776712477606318,False
cap5,cap5_positive9.pcd,0,1.0,0,0.0020133063291025,0.0030885662133589,0.0038761638384847,0.0142078420827236,0.0019954770475085,0.0030828294576035,0.0318776097898776,0.0004667460373462,0.0033023893479187,0.0044161067077096,63.483989562988285,24.930071754455543,2.5464824244495934,FAIL,0.6096514120515097,0.8777332829656782,False
vase0,vase0_positive0.pcd,0,1.0,0,0.0017477581092087,0.0026254750241849,0.0032749919863997,0.0139115387008487,0.0017466302864533,0.0026161187056568,0.0317809110747564,0.0002303884170187,0.0018012827868676,0.0027904866787595,43.231319427490234,24.664612712860112,1.7527670079712807,FAIL,0.9702852444662626,1.1736275293224423,False
vase0,vase0_positive1.pcd,0,1.0,0,0.0015804871901261,0.0025001627444689,0.0031623093257547,0.0139692091559609,0.0015636935996149,0.0024863455155947,0.1190640003640356,0.0001520700276775,0.0018012827868676,0.0027904866787595,29.997931480407726,23.666314029693606,1.267537118064519,FAIL,0.8774231351394526,1.133246522846865,False
vase0,vase0_positive10.pcd,0,1.0,0,0.0015607593056749,0.0024949434338509,0.0031978992578349,0.0141190353584217,0.0015528046575061,0.0024860200531562,0.0188827584315582,0.0002472895610535,0.0018012827868676,0.0027904866787595,47.98412227630615,24.539949417114258,1.9553472364878566,FAIL,0.8664710044717819,1.146000546132875,False
vase0,vase0_positive11.pcd,0,1.0,1,0.0018619362556823,0.0028294033852102,0.0035719078481443,0.0139666877184807,0.0017267984251657,0.0026708733880442,1.5388440467886124,0.0004257788282901,0.0018012827868676,0.0027904866787595,39.48141098022461,23.41897903442382,1.6858724251894346,FAIL,1.0336723746304017,1.2800304245609866,False
vase0,vase0_positive12.pcd,0,1.0,1,0.0018929210972319,0.0029504608975391,0.0038271723896448,0.0138458038202932,0.0018665514946864,0.0028963480884806,0.196794763220032,0.0005269533776975,0.0018012827868676,0.0027904866787595,40.48828468322758,22.771347427368188,1.7780364035272656,FAIL,1.0508739166511758,1.3715071348579793,False
vase0,vase0_positive13.pcd,0,1.0,0,0.0017970168501647,0.002711147153115,0.0034218837218465,0.0138705444027763,0.0017439640664371,0.0026367216419726,1.093576246109478,0.0002435224991566,0.0018012827868676,0.0027904866787595,49.09806991577147,24.693185806274414,1.9883246455504293,FAIL,0.9976317229398953,1.2262677144789973,False
vase0,vase0_positive14.pcd,0,1.0,0,0.0066691737039751,0.007517462517021,0.00820698524364,0.0145099800673158,0.0066797214923242,0.0074649936676086,0.8274682148420872,0.0003173635483466,0.0018012827868676,0.0027904866787595,141.3658905029297,74.6963119506836,1.8925417709546764,FAIL,3.7024579108828766,2.9410587429460096,False
vase0,vase0_positive2.pcd,0,1.0,3,0.0018472061153004,0.0028289505273409,0.0036007154606581,0.0139467604608099,0.0017403141492911,0.0026762123062228,1.0309095447424783,0.0006340190984522,0.0018012827868676,0.0027904866787595,34.94271469116211,23.571287269592286,1.4824270856110318,FAIL,1.0254947911386307,1.2903539329056335,False
vase0,vase0_positive3.pcd,0,1.0,2,0.0017647087796384,0.0026614738268614,0.0033546445054039,0.0140241961258231,0.0017525353319255,0.0026430668589142,0.0496469947431435,0.0004033748077774,0.0018012827868676,0.0027904866787595,46.97615646362305,24.25214958190918,1.9369893915987049,FAIL,0.979695577232045,1.2021718401089785,False
vase0,vase0_positive4.pcd,0,1.0,2,0.0018886899182589,0.0029014206421331,0.0037312544687293,0.0139949923303319,0.0017079819869062,0.0026318719994709,2.657428042325292,0.0003387812762084,0.0018012827868676,0.0027904866787595,33.25908279418945,23.03828239440918,1.4436442016293978,FAIL,1.0485249356894704,1.3371339476839985,True
vase0,vase0_positive5.pcd,0,1.0,1,0.0017904831441372,0.0027332345010154,0.0034754914631978,0.0140897323372203,0.0017342707809398,0.0026269285988953,1.1179790289387497,0.000329189700656,0.0018012827868676,0.0027904866787595,44.18631572723394,23.33214569091797,1.8937956376825407,FAIL,0.9940044712528563,1.2454786076036084,False
vase0,vase0_positive6.pcd,0,1.0,0,0.0017609448404891,0.0026518053942172,0.0033047029944665,0.013985840747919,0.0017458656704411,0.0026341434302089,0.5974935820557127,2.163405334308299e-05,0.0018012827868676,0.0027904866787595,44.197370147705215,25.0167667388916,1.766709927346248,FAIL,0.977605989091448,1.1842747788839447,False
vase0,vase0_positive7.pcd,0,1.0,0,0.0017551946712461,0.0026424129283238,0.0033368469228978,0.0140680141179018,0.0017509584411775,0.0026379755167427,0.058641740142419,7.011395979676817e-05,0.0018012827868676,0.0027904866787595,60.29831375122069,25.006391525268555,2.411316070545013,FAIL,0.9744137256195923,1.1957938908280983,False
vase0,vase0_positive8.pcd,0,1.0,2,0.001926238576221,0.0030121970957029,0.003976232779121,0.0138865181200989,0.0019051664277127,0.0029890103649021,0.0403877558354735,0.0004876334671947,0.0018012827868676,0.0027904866787595,54.2808952331543,24.467747955322263,2.2184671565307275,FAIL,1.06937044547608,1.4249244798002831,False
vase0,vase0_positive9.pcd,0,1.0,0,0.0016854228218941,0.0025850524564771,0.003266407635492,0.013847937490688,0.0016827377428678,0.0025818422031007,0.0206637344738232,0.0001603784699829,0.0018012827868676,0.0027904866787595,51.683102264404305,23.946158294677733,2.1583045442362825,FAIL,0.9356791916193358,1.1705512376586829,False
vase7,vase7_positive0.pcd,0,1.0,1,0.0040082882601547,0.0062881117617131,0.0079997868598488,0.0183790703659632,0.0038301495596936,0.0061325245562861,3.664684271603384,0.0002907381842869,0.0042679742002459,0.0067895535085838,39.959747314453125,27.027271575927724,1.4784972727341046,ctrl,0.9391547540104067,1.1782493281384325,True
vase7,vase7_positive1.pcd,0,1.0,0,0.0038361503197319,0.0061711867082119,0.0078455389994979,0.0185430967244302,0.003834467711813,0.0061733011393843,0.0172939764524862,2.0669442754000724e-05,0.0042679742002459,0.0067895535085838,26.14784826278685,21.739450454711914,1.2027833140151636,ctrl,0.8988222842375382,1.1555309181346098,False
vase7,vase7_positive10.pcd,0,1.0,0,0.0038376414685796,0.0061456763561719,0.0077607144737264,0.0182886401793324,0.0038347196103867,0.00611119693087,0.0769217470525826,3.862539847436865e-05,0.0042679742002459,0.0067895535085838,31.57840171813963,21.39057159423828,1.4762766660543807,ctrl,0.8991716651798163,1.1430375302167948,False
vase7,vase7_positive11.pcd,0,1.0,1,0.0039677238854872,0.0062502969204273,0.007906967530442,0.0182146571578084,0.0037903442419913,0.006135548041208,3.413858740534678,0.0002211485708528,0.0042679742002459,0.0067895535085838,28.413157272338758,21.156372299194334,1.3430070557711244,ctrl,0.9296503913399007,1.1645784248471556,True
vase7,vase7_positive12.pcd,0,1.0,1,0.0041098879891947,0.0063916976819643,0.0081499306430918,0.0185372417731758,0.0037818862864871,0.0061324739954915,5.296241406635084,0.0002574205811351,0.0042679742002459,0.0067895535085838,29.873281478881836,21.18548583984375,1.4100824359051924,ctrl,0.9629598953428322,1.2003632687757924,True
vase7,vase7_positive13.pcd,0,1.0,0,0.0038126410925076,0.0061249488659276,0.0077643803428056,0.0184287143547979,0.0038196994133449,0.006109402529756,0.0213120347260953,2.505872910373178e-05,0.0042679742002459,0.0067895535085838,27.881223297119174,20.512557220458994,1.3592270820973387,ctrl,0.8933139971389551,1.1435774580742841,False
vase7,vase7_positive14.pcd,0,1.0,0,0.0038455026957393,0.0062066952370021,0.0078807788828431,0.0185095444759645,0.0038459445531262,0.0061999895683214,0.0118303969837029,4.148345405898978e-05,0.0042679742002459,0.0067895535085838,29.061695575714122,22.285369205474893,1.3040706352118445,ctrl,0.9010135758359883,1.1607212275269208,False
vase7,vase7_positive2.pcd,0,1.0,1,0.003857706978147,0.0061734079852757,0.0078706619033359,0.0185853495654933,0.0038297603655721,0.006138118254997,1.3965888725833424,8.065212269817802e-05,0.0042679742002459,0.0067895535085838,28.11129604339588,23.437007446289023,1.1994405048434191,ctrl,0.903873078221686,1.1592311472890362,False
vase7,vase7_positive3.pcd,0,1.0,0,0.0038062683535086,0.0060954307943864,0.0078531454756682,0.0186354694541279,0.0038091648819464,0.0061057376298153,0.0105264096015718,4.137978055825607e-05,0.0042679742002459,0.0067895535085838,29.027406692504883,24.045930862426758,1.2071650234120064,ctrl,0.8918208440175907,1.1566512386624153,False
vase7,vase7_positive4.pcd,0,1.0,0,0.0038703027045694,0.0062212764397423,0.0080187455761207,0.0186787299239288,0.0038655025134823,0.0062026848646384,0.0330902852756869,3.283032708782807e-05,0.0042679742002459,0.0067895535085838,28.41844573974617,22.804763793945312,1.2461626876087748,ctrl,0.9068242971914902,1.18104166437202,False
vase7,vase7_positive5.pcd,0,1.0,0,0.0038837795698453,0.0062067696489004,0.0079116797940144,0.0187431946714014,0.0038859208812359,0.0062120637023086,0.0474126901131584,2.1500243572118767e-05,0.0042679742002459,0.0067895535085838,27.80584140777588,23.331283226013188,1.1917836296622464,ctrl,0.909981969811705,1.1652724710118176,False
vase7,vase7_positive6.pcd,0,1.0,0,0.0038109895248771,0.0061440964720942,0.0078211131569952,0.0183063707942306,0.0038123965960755,0.0061319984448011,0.0374852696328692,3.209385073258017e-05,0.0042679742002459,0.0067895535085838,26.732937622070303,21.044843673706055,1.270284447656463,ctrl,0.892927029563002,1.1519333557217324,False
vase7,vase7_positive7.pcd,0,1.0,0,0.0037745644589759,0.0060733087340936,0.0077897641573187,0.0183658294846982,0.0037749881216413,0.0060743470106455,0.0068140320343229,2.7272312972176345e-05,0.0042679742002459,0.0067895535085838,27.518255519866962,20.348201732635502,1.3523679331196994,ctrl,0.8843925201699739,1.1473161154809912,False
vase7,vase7_positive8.pcd,0,1.0,2,0.0040277338454062,0.0063059747308261,0.0080247779444558,0.0185583670094179,0.0037647864278724,0.0061275885144082,4.096779625055563,0.0001193599350799,0.0042679742002459,0.0067895535085838,32.80787078857419,24.32399559020996,1.3487862496480167,ctrl,0.9437109168031386,1.181930142285549,True
vase7,vase7_positive9.pcd,0,1.0,0,0.0038072359629649,0.0061443297903652,0.0078238462640609,0.0184416931983339,0.0038095409790466,0.0061476359185354,0.0091105955061877,1.7362436229112844e-05,0.0042679742002459,0.0067895535085838,32.82725524902344,24.144105911254883,1.3596384711732425,ctrl,0.8920475580066876,1.1523359016420562,False
helmet1,helmet1_positive0.pcd,0,1.0,0,0.0040793863007455,0.0064081587380502,0.0086640175408813,0.0212347657623473,0.0040653510850641,0.006405852767173,0.1205701581448884,0.0005304118983386,0.0044881451361516,0.0069840542680173,38.09695083618165,32.74573608398439,1.1634171465400187,ctrl,0.9089247733738409,1.2405427003276885,False
helmet1,helmet1_positive1.pcd,0,1.0,0,0.0039461628474205,0.0063122947510689,0.0083309001577659,0.0209044888638453,0.0039385864732083,0.0062812463791233,0.1855128762880852,0.000584926666999,0.0044881451361516,0.0069840542680173,45.227386474609375,32.14609909057617,1.4069323418426238,ctrl,0.8792413631267219,1.1928458511435587,False
helmet1,helmet1_positive10.pcd,0,1.0,0,0.0039251835526203,0.0062595014487827,0.0081884010504635,0.0211673869262424,0.0039183426048867,0.0062386390080976,0.057046912116556,0.0004820152453717,0.0044881451361516,0.0069840542680173,55.77156448364258,29.09795658111572,1.9166831982915857,ctrl,0.8745669833631947,1.172442357437194,False
helmet1,helmet1_positive11.pcd,0,1.0,0,0.0040365539399192,0.0064087575597909,0.008489544379556,0.0210858369523363,0.004007623178936,0.0063354630907749,0.1336795889120789,0.0007317710846064,0.0044881451361516,0.0069840542680173,46.57406475067139,34.74606159210198,1.3404127724581596,ctrl,0.8993813295842698,1.2155610557656924,False
helmet1,helmet1_positive12.pcd,0,1.0,0,0.0040827859184778,0.0064134549385852,0.0084021136793652,0.0209699508705783,0.0040360228743486,0.0063516313833774,0.1849727125266022,0.0003824063634503,0.0044881451361516,0.0069840542680173,52.17721366882324,34.84797763824463,1.4972809673626595,ctrl,0.9096822394604246,1.2030424388083216,False
helmet1,helmet1_positive13.pcd,0,1.0,0,0.0039041394142898,0.0061995052111049,0.0079279719605998,0.0209494626992664,0.0039022006245682,0.0062296422892676,0.0384360455759361,9.807888464160158e-05,0.0044881451361516,0.0069840542680173,41.293518981933595,29.067185859680176,1.4206232134502181,ctrl,0.8698781558649502,1.1351532586029673,False
helmet1,helmet1_positive14.pcd,0,1.0,0,0.0039090994911079,0.0062494354573657,0.0081880884131921,0.0211577921660727,0.0039050004870263,0.0062480921421018,0.0359672965697681,0.0001218089646607,0.0044881451361516,0.0069840542680173,40.0755500793457,30.00080680847168,1.3358157443962173,ctrl,0.8709833065825924,1.1723975929981731,False
helmet1,helmet1_positive2.pcd,0,1.0,0,0.0039680036882906,0.0062580484649236,0.0082290673228969,0.0210840522226077,0.0039671937259768,0.0062625513259085,0.0276059065453465,0.0001156524023811,0.0044881451361516,0.0069840542680173,40.112159271240124,28.9053009033203,1.387709451820047,ctrl,0.8841077032756121,1.1782650888869806,False
helmet1,helmet1_positive3.pcd,0,1.0,0,0.0040482044784153,0.0063806640393126,0.0086455113667461,0.0207064808105847,0.004032800662437,0.0063802051732077,0.1378015702595446,0.0001472289184411,0.0044881451361516,0.0069840542680173,43.89726257324219,35.839874458312984,1.2248163040945115,ctrl,0.9019771766753668,1.2378929250789557,False
helmet1,helmet1_positive4.pcd,0,1.0,0,0.003937661366443,0.0062082680393411,0.0081768781618787,0.0208915348931952,0.0039113084040459,0.0062028190269135,0.1684105190691474,0.000463810552719,0.0044881451361516,0.0069840542680173,39.69343566894531,29.672914505004883,1.3376992564127896,ctrl,0.8773471550029648,1.170792472120929,False
helmet1,helmet1_positive5.pcd,0,1.0,0,0.0038960616335636,0.0061998498061971,0.0080821567441905,0.0210791942052165,0.003897603438343,0.006202649942518,0.0083165728531451,4.088533271503201e-05,0.0044881451361516,0.0069840542680173,35.7183723449707,28.619847183227535,1.248028059559424,ctrl,0.8680783520526506,1.1572299461076407,False
helmet1,helmet1_positive6.pcd,0,1.0,0,0.0040434280769612,0.0063601589895385,0.0084053170453949,0.0211636057560555,0.0040079355970684,0.0063332264293875,0.1103940707933999,0.0006043545437206,0.0044881451361516,0.0069840542680173,39.02316665649414,30.52416797637939,1.2784350645262978,ctrl,0.9009129505175213,1.2035011073562407,False
helmet1,helmet1_positive7.pcd,0,1.0,0,0.0040059509377159,0.0063306315584311,0.0085609067514384,0.0211224448788126,0.003985380382637,0.0063648736417485,0.1448223046469079,0.0004744299021302,0.0044881451361516,0.0069840542680173,56.03022384643555,32.248358917236324,1.7374596949331313,ctrl,0.8925626993316972,1.2257789563065282,False
helmet1,helmet1_positive8.pcd,0,1.0,0,0.0039745393113735,0.0062999570324708,0.0083378168723851,0.0213015411165677,0.0039584763624181,0.0062915677612987,0.0163846111660652,0.0003924015987075,0.0044881451361516,0.0069840542680173,43.77142189025879,29.727923355102554,1.472400926475942,ctrl,0.8855639001865042,1.1938362092298171,False
helmet1,helmet1_positive9.pcd,0,1.0,0,0.0042818763982317,0.0065694091503059,0.008651650959066,0.0213294954897238,0.0042488948685042,0.0065080878003089,0.0963093913137021,0.0008413731075549,0.0044881451361516,0.0069840542680173,52.352736167907786,30.35737419128418,1.7245475790504514,ctrl,0.9540414287723397,1.2387720122229395,False
bowl4,bowl4_positive0.pcd,0,1.0,0,0.0041420640076951,0.0064528284263734,0.0083115213396501,0.0162157670478637,0.0041546109470871,0.0064489793319666,1.2464618254139312,0.0001341003931089,0.00472756902512,0.0072640084267292,41.208682708740234,32.10597496032715,1.2835206767482112,ctrl,0.8761509320511638,1.1442059055254385,False
bowl4,bowl4_positive1.pcd,0,1.0,0,0.0041639714910744,0.0064738874208832,0.0083654186016267,0.0160967477531766,0.0041632085664312,0.0064934615703993,0.0730037619000851,6.806411625347575e-05,0.00472756902512,0.0072640084267292,35.35697193145752,28.541933250427245,1.2387728476986843,ctrl,0.8807849169306853,1.1516256741724948,False
bowl4,bowl4_positive10.pcd,0,1.0,0,0.0041215751815737,0.0064378462066321,0.0083819627889139,0.0164769320938689,0.0040930706540087,0.0064253414855541,0.0812503869677008,0.0011828391383732,0.00472756902512,0.0072640084267292,35.25818801879888,24.98007972717285,1.411452181253277,ctrl,0.8718170289367869,1.1539032303529535,False
bowl4,bowl4_positive11.pcd,0,1.0,0,0.0041162097102738,0.006413186701348,0.0082811597671279,0.0161759196054893,0.0040887584487398,0.0064172151543025,0.0302929867909239,0.0007321155012134,0.00472756902512,0.0072640084267292,41.32758712768555,31.70584579467774,1.3034690004902172,ctrl,0.8706820965283142,1.1400261784741206,False
bowl4,bowl4_positive12.pcd,0,1.0,0,0.0041063812146625,0.0064177754602019,0.0083991208292457,0.0164220914211967,0.004026068870132,0.0063515913883675,0.7444619424423194,0.0004547851198265,0.00472756902512,0.0072640084267292,44.742652740478434,35.413984527587886,1.263417639594421,ctrl,0.8686031219942405,1.156265292636453,False
bowl4,bowl4_positive13.pcd,0,1.0,2,0.0041443440540848,0.0065023704890894,0.0084386688838551,0.0161858864841926,0.004139290678908,0.0065072711141849,0.2833002546081634,0.0007332156727428,0.00472756902512,0.0072640084267292,52.0101412963865,32.70875015258789,1.590098706118598,ctrl,0.876633219327687,1.1617096770983262,False
bowl4,bowl4_positive14.pcd,0,1.0,0,0.0040146964436297,0.0064201153729467,0.0083132413087448,0.0161644200921828,0.0040483979098959,0.0063881478703593,0.1805653880884443,0.0002949782152261,0.00472756902512,0.0072640084267292,36.94859790802003,28.395156860351562,1.3012288711675235,ctrl,0.8492094821455927,1.144442685137143,False
bowl4,bowl4_positive2.pcd,0,1.0,0,0.0041576917588331,0.0065199603779537,0.0083414925760223,0.0161659673433049,0.0041642112152034,0.0064680799814753,0.1206643981422376,0.0009772230500337,0.00472756902512,0.0072640084267292,44.433223724365234,32.27361297607422,1.37676633097464,ctrl,0.8794565952905501,1.148331896935624,False
bowl4,bowl4_positive3.pcd,0,1.0,0,0.0040070591864438,0.0063656034671756,0.00825265561408,0.0162374908503814,0.0040244828765467,0.0063468871487167,0.0940719335941204,0.0001491090038767,0.00472756902512,0.0072640084267292,39.82784652709961,28.12917013168341,1.4158912737435985,ctrl,0.8475940097653231,1.136102153146312,False
bowl4,bowl4_positive4.pcd,0,1.0,1,0.0041604790843473,0.0064741165369078,0.0082896717338439,0.0162312592605047,0.0041457065462085,0.0064814518682738,0.076688913581001,0.0002327178001699,0.00472756902512,0.0072640084267292,42.91227294921875,31.43950252532956,1.3649157748169214,ctrl,0.8800461848871036,1.141197978700106,False
bowl4,bowl4_positive5.pcd,0,1.0,1,0.0041654915625692,0.0065196629485391,0.0084287937378101,0.0161168084621487,0.0041367733574007,0.0064901794514459,1.3889274848593247,0.0004851423835849,0.00472756902512,0.0072640084267292,51.946948471069305,31.276725349426265,1.6608819462623894,ctrl,0.8811064503629257,1.1603502147374811,False
bowl4,bowl4_positive6.pcd,0,1.0,0,0.0040637604434772,0.0063709984460654,0.0082194453709852,0.0161191725125297,0.0040458284768725,0.0063625986182446,0.1794122151056925,6.355221340968899e-05,0.00472756902512,0.0072640084267292,36.758870315551796,29.141642665863134,1.261386351381337,ctrl,0.8595877546968337,1.1315302637508378,False
bowl4,bowl4_positive7.pcd,0,1.0,2,0.0041793494088592,0.0064867341178952,0.0083647994049589,0.0161142278950727,0.0041650112174274,0.0064798331348142,0.1016111789485245,0.0006633007486736,0.00472756902512,0.0072640084267292,40.08171794891358,31.506371154785164,1.2721781811049984,ctrl,0.8840377341192,1.1515404324393603,False
bowl4,bowl4_positive8.pcd,0,1.0,1,0.0041646338564809,0.0064710925968087,0.0084061560112696,0.0167505260387363,0.0041305650387353,0.0064563586467685,0.3429933016955724,0.0007657693927541,0.00472756902512,0.0072640084267292,38.179948616027836,27.211995887756363,1.4030557983880316,ctrl,0.8809250239080728,1.1572337912408892,False
bowl4,bowl4_positive9.pcd,0,1.0,1,0.0041140190858868,0.0064192229950744,0.0082969774934171,0.0162074488115393,0.0040823230473231,0.0063975989217029,0.3652416160228366,0.0005962211628179,0.00472756902512,0.0072640084267292,38.13674545288086,30.018064498901367,1.2704598410825798,ctrl,0.8702187242591078,1.1422037263732938,False
cap4,cap4_positive0.pcd,0,0.9976816074188564,0,0.002270676622395,0.0036173212351634,0.0155868297589652,0.0165741177967791,0.0024066020693036,0.0037458001023702,3.104686181461179,0.0069007625456907,0.0037495634850053,0.0053372312551961,51.54187450408917,22.28740692138672,2.3126007743247254,FAIL,0.605584258401159,2.920396178035293,True
cap4,cap4_positive1.pcd,0,0.9999163109883672,0,0.002527534586866,0.0040145853164718,0.0094399594388964,0.0161478716326696,0.0025423714252299,0.0040785885354279,0.303464891132548,0.0011366324980693,0.0037495634850053,0.0053372312551961,60.89227447509688,25.650543212890625,2.3739175412275713,FAIL,0.6740876896667419,1.768699722296286,False
cap4,cap4_positive10.pcd,0,1.0,0,0.0022515586476578,0.0034486793513162,0.0045748419822774,0.0154693038080224,0.0021067065187328,0.0033127154653062,0.1988738786029144,0.0014196300867007,0.0037495634850053,0.0053372312551961,41.484832763671875,23.731533775329588,1.7480889838986282,FAIL,0.6004855382931642,0.85715641004379,False
cap4,cap4_positive11.pcd,0,1.0,1,0.0053098303174556,0.0072756262420381,0.0143630826312754,0.0163116868240372,0.0048859067062294,0.0070351069385734,4.067679884665531,0.0082827710498882,0.0037495634850053,0.0053372312551961,40.14228698730462,28.38630741119383,1.4141426148113563,FAIL,1.4161195933046309,2.6911111669167638,True
cap4,cap4_positive12.pcd,0,1.0,0,0.0026066030029264,0.0040910929066754,0.0113872899647277,0.0160017667764199,0.0021125818761713,0.0033029290328432,3.944492281982663,0.0081786832425054,0.0037495634850053,0.0053372312551961,73.90679779052736,25.7808895111084,2.866727998608528,FAIL,0.6951750552698578,2.133557535780658,True
cap4,cap4_positive13.pcd,0,1.0,0,0.0024532416161456,0.0037030769108416,0.0068973022978438,0.0158407688637979,0.0021618589630502,0.0033728944733318,1.7950082091132282,0.004223309650277,0.0037495634850053,0.0053372312551961,62.055660247802734,24.301132202148438,2.553611894770749,FAIL,0.6542739244064653,1.2922996902427417,False
cap4,cap4_positive14.pcd,0,1.0,0,0.0053627208875681,0.0073415783028246,0.0093706889947055,0.0158968124604345,0.0053547802830911,0.0073366403666039,0.3607902877763952,0.0012719707036189,0.0037495634850053,0.0053372312551961,57.57761634826659,26.691970901489253,2.1571137088664405,FAIL,1.430225387305456,1.7557209996442629,False
cap4,cap4_positive2.pcd,0,1.0,0,0.0026535922688245,0.004156189501581,0.0090503948497615,0.0158286525880559,0.0025713014975066,0.0040824647230059,0.1944308546295327,0.0008484234221194,0.0037495634850053,0.0053372312551961,76.99252319335938,28.89632492065433,2.6644399730682413,FAIL,0.7077069849427418,1.6957097073413154,False
cap4,cap4_positive3.pcd,0,1.0,0,0.0025333409167698,0.0040404877887171,0.0095712525889698,0.0163754916529868,0.0025819875941659,0.0042537687852849,0.9809585582927622,0.0019487863735178,0.0037495634850053,0.0053372312551961,58.46486282348633,24.29423713684082,2.4065321538673756,FAIL,0.6756362245634092,1.7932992091454982,False
cap4,cap4_positive4.pcd,0,1.0,0,0.0026581558359627,0.0043932854688846,0.0088396230246108,0.016086404220395,0.0026458396659204,0.0043796402932383,0.0838802094883491,0.0003969569873393,0.0037495634850053,0.0053372312551961,67.23625312805153,25.775114879608154,2.6085723940359675,FAIL,0.7089240778540765,1.6562188524255759,False
cap4,cap4_positive5.pcd,0,1.0,0,0.0029169273177416,0.0044223005159314,0.0084836566051398,0.0159570727024053,0.0025435973937378,0.0040665772047539,0.3658590173698743,0.0020353042258592,0.0037495634850053,0.0053372312551961,72.97411346435547,30.152353286743164,2.4201797043960545,FAIL,0.7779378398062987,1.5895238934757558,False
cap4,cap4_positive6.pcd,0,1.0,0,0.0025462052272778,0.0040788287208483,0.009297389367663,0.0159716165689701,0.0025999989587128,0.0042181292300862,0.7009335049047416,0.0017305986713887,0.0037495634850053,0.0053372312551961,69.53360748291016,28.09715852737427,2.4747558517408628,FAIL,0.6790671067339459,1.7419873569486912,False
cap4,cap4_positive7.pcd,0,1.0,0,0.0024077796427079,0.0036126035694949,0.0049790006953629,0.0156906680648859,0.0021570641399094,0.0033709342045003,0.2601224797478884,0.001699289227937,0.0037495634850053,0.0053372312551961,61.44889450073242,25.040929794311523,2.4539382125775373,FAIL,0.6421493201373271,0.9328808247751225,False
cap4,cap4_positive8.pcd,0,1.0,0,0.0026003622892945,0.0041786938910335,0.0084095266801903,0.0159560517402441,0.0025820435980981,0.0041960377620673,0.1163248081504643,0.0001991374232859,0.0037495634850053,0.0053372312551961,85.58124160766602,27.13298988342285,3.15413973820676,FAIL,0.69351067122706,1.5756346836204904,False
cap4,cap4_positive9.pcd,0,1.0,0,0.0026953569899496,0.0044600543727185,0.0084773134423979,0.0159750236493902,0.0026536560720508,0.0043961971846303,0.1229727010175822,0.0008857455901286,0.0037495634850053,0.0053372312551961,51.42478942871094,23.402096099853516,2.1974437336419976,FAIL,0.7188455404818384,1.5883354190704684,False
tap1,tap1_positive0.pcd,0,1.0,0,0.0034332998500144,0.0045152608509936,0.0053937053139478,0.0092965339983527,0.0034304582635543,0.0043349170138771,0.1204482057169582,0.0009847410805677,0.0020074702820969,0.0030638267974978,106.23774719238281,62.05737590789795,1.7119278029102434,FAIL,1.710261855746204,1.7604472022872806,False
tap1,tap1_positive1.pcd,0,1.0,0,0.0017461523133499,0.0027347605066493,0.0036298577284351,0.0091545306,0.0017198264715833,0.0027234627200639,0.1069114488698935,0.000230753900742,0.0020074702820969,0.0030638267974978,35.61617202758789,30.891069412231445,1.152960150142472,FAIL,0.8698272292857852,1.1847463869039765,False
tap1,tap1_positive10.pcd,0,1.0,0,0.0018462921794777,0.0027752150673256,0.0034694897764239,0.0089191997374599,0.0018374562029138,0.0027634856270146,0.0358260207847254,0.000246691112637,0.0020074702820969,0.0030638267974978,43.837520141601566,31.211078414916994,1.4045499985239185,FAIL,0.9197108400275587,1.1324040181570973,False
tap1,tap1_positive11.pcd,0,1.0,0,0.0017440850266556,0.0026627877221416,0.0034043480522155,0.0088241428867175,0.0017299117437139,0.0026491549051269,0.039299138068393,0.0001284559769095,0.0020074702820969,0.0030638267974978,36.48161987304697,30.49563713073731,1.196289807510735,FAIL,0.8687974323753469,1.1111424624250301,False
tap1,tap1_positive12.pcd,0,1.0,0,0.0017081627641501,0.0026876751749267,0.003578656210868,0.0089725975066345,0.0016658948139253,0.0026571802235677,0.0704549308227303,0.0006020897687769,0.0020074702820969,0.0030638267974978,38.16389530181885,32.70842113494873,1.166791119154357,FAIL,0.8509031388329401,1.1680347641683455,False
tap1,tap1_positive13.pcd,0,1.0,0,0.0017158710341817,0.0026683187300635,0.0033944703135109,0.0090170825796306,0.0017149055504783,0.0026618671919372,0.018925485552562,0.0002585074655811,0.0020074702820969,0.0030638267974978,39.602577209472614,30.868921279907227,1.2829271502678061,FAIL,0.8547429316808562,1.1079184751184805,False
tap1,tap1_positive14.pcd,0,1.0,0,0.0020319853496091,0.0029198120044229,0.0036027680462573,0.0088510578574658,0.0020283165994158,0.0029087137149648,0.041588839121242,8.853711033183069e-05,0.0020074702820969,0.0030638267974978,62.391085243224744,32.017756576538076,1.9486401270519869,FAIL,1.0122119205105207,1.175904607009655,False
tap1,tap1_positive2.pcd,0,1.0,0,0.0017265090053569,0.0026979874305505,0.0034174609140341,0.0090770017255303,0.0017184671749015,0.0026886003401282,0.0300504731284688,0.0004870574016042,0.0020074702820969,0.0030638267974978,45.108367919921875,30.156835765838622,1.49579247206765,FAIL,0.8600421240375612,1.1154223590005512,False
tap1,tap1_positive3.pcd,0,1.0,0,0.0017362336453701,0.0027264852727662,0.0036560356766061,0.0090118644397623,0.0017358248523844,0.0027073358971596,0.0609904859731763,0.000137548783953,0.0020074702820969,0.0030638267974978,37.17116928100586,32.15626754760745,1.1559540990251382,FAIL,0.8648863501762626,1.1932905866584729,False
tap1,tap1_positive4.pcd,0,1.0,0,0.0020240306309984,0.0029253082445955,0.0036376354631795,0.008838204103382,0.0020188745801566,0.0029217267311665,0.0315177713149832,0.0001472480449403,0.0020074702820969,0.0030638267974978,46.69142868041995,32.74847595214844,1.4257588276365818,FAIL,1.0082493619204174,1.1872849555824516,False
tap1,tap1_positive5.pcd,0,1.0,0,0.0019540870709226,0.002854416377093,0.0035449320063843,0.0088536299304224,0.0019414868875839,0.0028399173012442,0.0461593240844768,0.000418300694223,0.0020074702820969,0.0030638267974978,41.91800643920895,30.575422897338868,1.3709706184589612,FAIL,0.9734077203282239,1.1570275477972236,False
tap1,tap1_positive6.pcd,0,1.0,0,0.0020050550482181,0.002915376526467,0.0036020677962925,0.0088035299414907,0.0020005822161214,0.0029105112145752,0.0164201791509065,0.0002096952748247,0.0020074702820969,0.0030638267974978,49.77179061889643,31.742935256958003,1.5679643428055865,FAIL,0.9987968768950954,1.1756760529786725,False
tap1,tap1_positive7.pcd,0,1.0,0,0.002152773559906,0.0030523283728095,0.0037395862593443,0.0087975745308769,0.0021574253926815,0.0030469265076534,0.0171062840072004,0.0002934240897163,0.0020074702820969,0.0030638267974978,79.36059631347653,41.360565185546875,1.9187502868362272,FAIL,1.0723812845973109,1.2205605951349425,False
tap1,tap1_positive8.pcd,0,1.0,0,0.0020210279783929,0.0029179022367738,0.0036259521843194,0.0088503684995344,0.0020081939476025,0.0029002647036234,0.0176786514540381,0.000418161760831,0.0020074702820969,0.0030638267974978,57.41458511352539,33.92761306762695,1.6922671512164007,FAIL,1.0067536224156894,1.1834716594556465,False
tap1,tap1_positive9.pcd,0,1.0,0,0.0018327222523222,0.0027851506188598,0.0034943959549643,0.0088345218860823,0.0018343004849483,0.0027577933554391,0.020682515550461,0.0004022814962911,0.0020074702820969,0.0030638267974978,44.72639064788818,30.319032230377196,1.4751918962332837,FAIL,0.9129511249391113,1.1405331260298859,False
headset0,headset0_positive0.pcd,0,1.0,0,0.0016574256088028,0.0025626906739375,0.0032868128489779,0.0078406031896319,0.0016675667717122,0.0025562317981538,0.1642303287707623,0.0001857230264367,0.0020125660732333,0.0030009716664268,32.642498779296815,26.3515465736389,1.238731802252212,FAIL,0.8235384819639998,1.0952495439223677,False
headset0,headset0_positive1.pcd,0,1.0,0,0.0016696092390893,0.0025704135762107,0.0033606288755758,0.0078003913777529,0.0016583338579947,0.0025619518862854,0.0749087790690208,0.0002666607584514,0.0020125660732333,0.0030009716664268,31.933143615722656,25.216667232513426,1.2663506767678345,FAIL,0.8295922609919482,1.1198469193070513,False
headset0,headset0_positive10.pcd,0,1.0,0,0.0017432504394592,0.0026493208023273,0.0033551405707623,0.0077830619491259,0.001734951679397,0.0026435732352943,0.0525292457285289,0.000380607297818,0.0020125660732333,0.0030009716664268,54.93844303131104,32.82055335998532,1.673903618526181,FAIL,0.8661829604722346,1.1180180767108683,False
headset0,headset0_positive11.pcd,0,1.0,0,0.0016652967332365,0.0025637149356634,0.0033383826303718,0.0077995301775262,0.0016650435037808,0.0025589373918841,0.0686699883741877,0.0003149450425319,0.0020125660732333,0.0030009716664268,41.415428161621094,26.383700180053708,1.5697354002275805,FAIL,0.8274494712916967,1.112433905231351,False
headset0,headset0_positive12.pcd,0,1.0,0,0.0017241000494301,0.0026354853033605,0.0034210077421496,0.0078149372619986,0.0017087564943737,0.0026122679464497,0.1114047077376932,0.0001290278189995,0.0020125660732333,0.0030009716664268,46.20196998596191,27.459266662597656,1.6825638701012267,FAIL,0.856667551123048,1.139966691595902,False
headset0,headset0_positive13.pcd,0,1.0,0,0.0016634950659066,0.0025628112947067,0.0033752774553184,0.0079093463285833,0.0016593397466369,0.002542007828146,0.1792160823185794,0.000559902772812,0.0020125660732333,0.0030009716664268,37.950086593627944,26.216462898254395,1.4475670017313749,FAIL,0.8265542622578855,1.124728198229635,False
headset0,headset0_positive14.pcd,0,1.0,0,0.0016526107649397,0.0025364037157505,0.0032836650431611,0.0079476779426883,0.0016560421554129,0.0025299920845785,0.0228829196861458,0.000360281161013,0.0020125660732333,0.0030009716664268,59.03700519561769,29.265495262146,2.017290487203208,FAIL,0.8211460915092782,1.0942006150530896,False
headset0,headset0_positive2.pcd,0,1.0,0,0.0016955426732524,0.0025697510526906,0.0033242612216257,0.0078888975061889,0.0016770690446954,0.0025589367430908,0.0441046545962946,0.0003911349723186,0.0020125660732333,0.0030009716664268,51.2470121765137,26.51450538635254,1.9327915580462383,FAIL,0.8424780164004334,1.1077282930777665,False
headset0,headset0_positive3.pcd,0,1.0,0,0.0016818926141015,0.0025839019170063,0.0033424642475268,0.0077684552915794,0.0016776582935954,0.0025740040548632,0.0796294417245506,0.000181476919033,0.0020125660732333,0.0030009716664268,44.03207778930664,27.77019691467285,1.5855875248058307,FAIL,0.8356956009893606,1.1137940037623244,False
headset0,headset0_positive4.pcd,0,1.0,0,0.0016493235074953,0.0025520273197833,0.0033511664409797,0.0078434580406065,0.0016389481790976,0.0025409938855888,0.0593470499747165,0.0001488794875653,0.0020125660732333,0.0030009716664268,38.53908557891846,25.532611637115483,1.5094063281366845,FAIL,0.819512725286862,1.116693795703133,False
headset0,headset0_positive5.pcd,0,1.0,0,0.0016945141241672,0.0025737084673692,0.0033147953982005,0.0077812005552244,0.0016773803288139,0.0025707225996776,0.0498565519348089,0.0004643708529042,0.0020125660732333,0.0030009716664268,49.459136962890625,25.84189531326294,1.9139129062838713,FAIL,0.8419669528885918,1.104574040229898,False
headset0,headset0_positive6.pcd,0,1.0,0,0.0018058105953971,0.0028759975305872,0.0061202880157308,0.0081457066360228,0.0017509262359756,0.0026678466344734,0.6138719087683315,0.0020560201367653,0.0020125660732333,0.0030009716664268,42.6571346282959,28.441402244567875,1.4998252991004737,FAIL,0.897267731685432,2.0394354549232085,False
headset0,headset0_positive7.pcd,0,1.0,0,0.0017732010943224,0.0027081508772924,0.0036015193986051,0.0078397529151468,0.0017623498176573,0.0026815439808618,0.3286469796228948,0.0007831500703179,0.0020125660732333,0.0030009716664268,75.7516072845459,35.56057956695555,2.1302129551042976,FAIL,0.881064784856307,1.2001177614893515,False
headset0,headset0_positive8.pcd,0,1.0,0,0.0018027026332558,0.0028845165020702,0.0061394892931802,0.0080291823050022,0.0017578534177632,0.0026677102833066,0.5947066923183265,0.0018912806300397,0.0020125660732333,0.0030009716664268,57.34975467681885,35.046916847229014,1.636370894672671,FAIL,0.8957234533719717,2.0458338083845935,False
headset0,headset0_positive9.pcd,0,1.0,0,0.0016897138805734,0.0025889548691547,0.0033076837827269,0.0078808774191286,0.001686993422709,0.0025985455993799,0.1197227827594406,0.0002380140628642,0.0020125660732333,0.0030009716664268,45.40571334838867,27.292557220458985,1.663666507378493,FAIL,0.8395818169878916,1.102204269280988,False
bottle0,bottle0_positive0.pcd,0,1.0,2,0.0018679931622436,0.0027567239292824,0.0034764300111396,0.0084959694800152,0.0018449452066783,0.0027175620289121,2.2369594300413858,0.0003216520792227,0.0020826575718479,0.0030952315788454,28.277856826782227,23.385944118499754,1.20918174966529,ctrl,0.8969276502743402,1.1231566758686264,True
bottle0,bottle0_positive1.pcd,0,1.0,0,0.0018520110863368,0.0027947238940496,0.0035215859071551,0.0085338039614093,0.0018370266680185,0.0027174481838063,2.012664018128739,5.03456640990236e-05,0.0020826575718479,0.0030952315788454,27.124049739837652,23.06686172485352,1.1758881664692467,ctrl,0.8892537646952436,1.137745534525963,True
bottle0,bottle0_positive10.pcd,0,1.0,0,0.0019521623051924,0.0028324473281756,0.00350625175466,0.0084355834194571,0.0019486094647374,0.0028354262817887,0.9820310438390591,4.83591179013498e-05,0.0020826575718479,0.0030952315788454,27.556163406372065,23.13288116455078,1.1912119035392614,ctrl,0.9373419478941445,1.1327914132899617,False
bottle0,bottle0_positive11.pcd,0,1.0,1,0.0018904122902948,0.0028726241005398,0.0036447768134475,0.008433530190371,0.0018231077758903,0.0026977692539601,7.252465024149431,0.0004182027429758,0.0020826575718479,0.0030952315788454,26.01420356750489,21.77476692199707,1.194694926503443,ctrl,0.907692323427646,1.177545757273223,True
bottle0,bottle0_positive12.pcd,0,1.0,2,0.0019191047181636,0.0028442969142814,0.0035403253418774,0.0084244149660616,0.001917067386285,0.0027983793685601,0.8851719077870382,7.952831202109641e-05,0.0020826575718479,0.0030952315788454,29.593266334533688,22.185819320678707,1.3338820580293256,ctrl,0.9214691575345327,1.1437998261823212,False
bottle0,bottle0_positive13.pcd,0,1.0,0,0.0018385786616146,0.0027147683749744,0.0033920484041646,0.0084583810142128,0.0018360759946478,0.0027154767195998,0.0071674244256901,4.948514433168943e-05,0.0020826575718479,0.0030952315788454,27.119469070434516,22.941880416870116,1.182094430694201,ctrl,0.8828041087826387,1.0958948685286807,False
bottle0,bottle0_positive14.pcd,0,1.0,1,0.0019450101826015,0.0029028802925693,0.0036285406218417,0.0084014928676668,0.0019507794307577,0.0028304311867104,2.494946247423217,0.0002720111066759,0.0020826575718479,0.0030952315788454,27.74950408935547,24.52463342666626,1.1314951627037462,ctrl,0.9339078151362787,1.172300207403298,True
bottle0,bottle0_positive2.pcd,0,1.0,5,0.001825930024327,0.0027449839829676,0.0034341103478543,0.0086330900704069,0.001690829037407,0.0025847455612537,6.525281483598025,0.0001188412158818,0.0020826575718479,0.0030952315788454,28.523475646972656,22.653870868682855,1.259099418916705,ctrl,0.8767307929103723,1.1094841404840248,True
bottle0,bottle0_positive3.pcd,0,1.0,0,0.0018828671556924,0.0028016795306017,0.0035491924004068,0.0084929095961175,0.0018104510007563,0.0026825561168232,4.75191309732382,0.000101021841877,0.0020826575718479,0.0030952315788454,26.79133415222168,22.289240188598633,1.2019850800444043,ctrl,0.9040694836942254,1.1466645741998855,True
bottle0,bottle0_positive4.pcd,0,1.0,1,0.0018888335107192,0.0028258686452228,0.0035245439949947,0.0084528848220763,0.0018514816787468,0.0027282512626677,3.8401444937304032,0.0003199732713401,0.0020826575718479,0.0030952315788454,24.800870895385742,21.357299575805648,1.1612362699393468,ctrl,0.9069342633428097,1.1387012264553869,True
bottle0,bottle0_positive5.pcd,0,1.0,2,0.0018697169118301,0.0027760167785147,0.0034898010285606,0.0087576483454652,0.0017050229545661,0.0026090541491866,5.927772534506003,0.000126909880972,0.0020826575718479,0.0030952315788454,29.42838651657105,23.437705516815196,1.2556001480374386,ctrl,0.8977553185429027,1.1274765521300298,True
bottle0,bottle0_positive6.pcd,0,1.0,0,0.0017785492690763,0.002661187903319,0.003319113563427,0.0084861799114471,0.0017718057166541,0.0026558473640543,1.5297726332285368,1.729382537198862e-05,0.0020826575718479,0.0030952315788454,27.080563049316407,22.703031654357897,1.1928170414244317,ctrl,0.8539806510285938,1.0723312549896877,False
bottle0,bottle0_positive7.pcd,0,1.0,0,0.0018940607083506,0.0027821308269509,0.0034378702762892,0.0085096488742448,0.0018904633015987,0.0027780027702748,0.2276320364573788,5.415330726932156e-05,0.0020826575718479,0.0030952315788454,25.638226165771485,22.890847320556656,1.1200208453073557,ctrl,0.9094441323208202,1.1106988891511675,False
bottle0,bottle0_positive8.pcd,0,1.0,2,0.0018602086603892,0.0028368756914383,0.0035834341014219,0.0084502564060446,0.0018381965516537,0.0027182926884139,4.008343090251353,0.0001170342796663,0.0020826575718479,0.0030952315788454,26.797035217285156,22.934033393859863,1.1684397051789215,ctrl,0.8931898769794759,1.1577273008950795,True
bottle0,bottle0_positive9.pcd,0,1.0,1,0.0018962529494005,0.002868217626894,0.0036027771501058,0.0084746090850405,0.0018228818117517,0.0027141781678705,5.404353298245293,0.000634835433949,0.0020826575718479,0.0030952315788454,26.822866439819336,22.77556610107422,1.1777036110006602,ctrl,0.9104967494574698,1.16397660670344,True
microphone0,microphone0_positive0.pcd,0,1.0,0,0.0022618241597809,0.0035656363028381,0.0045609112733034,0.0103634176033629,0.0022553609900621,0.0035656041668562,0.0273944857724257,0.0001642538945197,0.003532289697893,0.0048409799623625,21.316396713256836,19.784680480957032,1.0774193060016357,ctrl,0.6403280458933114,0.9421462821088769,False
microphone0,microphone0_positive1.pcd,0,1.0,1,0.0049860825169631,0.0066683545013614,0.0075504434310982,0.0101679164363772,0.004974108015755,0.0066838418311371,0.0475184684361387,0.0001608977344664,0.003532289697893,0.0048409799623625,26.176084899902346,22.429681777954105,1.1670288129379767,ctrl,1.4115723633702193,1.5596931798522515,False
microphone0,microphone0_positive10.pcd,0,1.0,0,0.002271199401783,0.0035778123895262,0.0045110756537446,0.010400019342259,0.0022707349913411,0.0035733160470404,0.0216593115218417,3.4719029606479104e-05,0.003532289697893,0.0048409799623625,25.07013702392578,22.450044803619388,1.116707661086003,ctrl,0.6429822002249033,0.9318517508473843,False
microphone0,microphone0_positive11.pcd,0,1.0,0,0.0022576374660996,0.0035694868430455,0.0045130983756241,0.0102623432711622,0.0022583129993769,0.0035668701640119,0.0102737654132111,9.795704155308934e-05,0.003532289697893,0.0048409799623625,21.09480094909668,19.10593566894533,1.1040967223282363,ctrl,0.6391427824977872,0.932269583991753,False
microphone0,microphone0_positive12.pcd,0,1.0,0,0.0022842143553725,0.0035873343047982,0.0045413413651319,0.0104542632827622,0.0022843460727814,0.0035861767061211,0.0262191735564817,8.891182272391008e-05,0.003532289697893,0.0048409799623625,23.187372360229492,19.957564086914076,1.161833791902147,ctrl,0.6466667659606252,0.9381037311535638,False
microphone0,microphone0_positive13.pcd,0,1.0,0,0.0023125861950808,0.0036276167111783,0.0045560984397175,0.0102063713577314,0.0023099885086317,0.0036243628325341,0.0236018106326768,3.781651588701832e-05,0.003532289697893,0.0048409799623625,22.697837829589844,20.174253463745117,1.1250893556175363,ctrl,0.6546989043566418,0.9411520962987064,False
microphone0,microphone0_positive14.pcd,0,1.0,0,0.0023167468116599,0.0036096857052098,0.0045697511352673,0.0105541517838528,0.0023167403231687,0.0036097429226134,0.0301374493938179,8.287558096609848e-05,0.003532289697893,0.0048409799623625,25.843297958374023,19.185352478027355,1.3470327421907884,ctrl,0.6558767852596666,0.9439723301472137,False
microphone0,microphone0_positive2.pcd,0,1.0,0,0.0023259333112778,0.0036066684333406,0.0045547479915559,0.0102710614418678,0.0023200127976556,0.0036048050343881,0.0451207337660584,7.647708177042434e-05,0.003532289697893,0.0048409799623625,23.173675537109375,20.171150035858155,1.148852469785493,ctrl,0.6584775061527972,0.940873134565318,False
microphone0,microphone0_positive3.pcd,0,1.0,0,0.0024997788049704,0.0037656082849131,0.0047013028764023,0.010884141685252,0.002499931807581,0.0037650454992832,0.0421148382254068,8.046258609038529e-05,0.003532289697893,0.0048409799623625,24.185820846557636,19.947565612792975,1.2124697978708008,ctrl,0.7076935978556658,0.9711469398662755,False
microphone0,microphone0_positive4.pcd,0,1.0,1,0.0023992788367575,0.0036670287018337,0.0046191572903807,0.0101439871226986,0.002396504057396,0.0036704099572746,0.1137957525056839,0.0001134816915487,0.003532289697893,0.0048409799623625,21.05308723449707,18.835632514953613,1.1177265864463548,ctrl,0.6792418068621785,0.9541781470474119,False
microphone0,microphone0_positive5.pcd,0,1.0,0,0.0023443492028873,0.0036147365149943,0.0045663215369488,0.0105043465960876,0.0023400934303225,0.0036132037032541,0.0277633747842142,8.884518861669057e-05,0.003532289697893,0.0048409799623625,21.25317844390867,18.857504463195788,1.1270408810131012,ctrl,0.6636910908767469,0.9432638788945408,False
microphone0,microphone0_positive6.pcd,0,1.0,0,0.0048960370147531,0.0062953180574906,0.0071183504414092,0.0096290968870273,0.0048867090865018,0.0063100814255489,0.072442755188633,0.0002965584820951,0.003532289697893,0.0048409799623625,23.27250862121582,22.079665184020996,1.0540245256100207,ctrl,1.3860802577075064,1.4704358408323788,False
microphone0,microphone0_positive7.pcd,0,1.0,1,0.0024913716474502,0.0037359943462392,0.0046405954214534,0.0107223567113512,0.0024910899786295,0.0037372132173606,0.041144294517496,0.0001646854315624,0.003532289697893,0.0048409799623625,24.707502365112305,20.3472541809082,1.2142917243494857,ctrl,0.7053135106489978,0.9586066163324278,False
microphone0,microphone0_positive8.pcd,0,1.0,0,0.0023914161894471,0.0036455668308154,0.0046021654173532,0.010086698076826,0.0023909726418285,0.0036481242716803,0.0040672541715437,0.0001235098951332,0.003532289697893,0.0048409799623625,21.050294876098633,19.390092887878417,1.0856211467278778,ctrl,0.6770158718503673,0.9506681401563262,False
microphone0,microphone0_positive9.pcd,0,1.0,0,0.0022833194215355,0.0035784358297617,0.0045061593354496,0.0104143915705065,0.0022850953304991,0.0035819057440026,0.0243348140122136,0.0001886808426817,0.003532289697893,0.0048409799623625,23.911331272125246,20.268823337554952,1.1797098861590696,ctrl,0.6464134079652337,0.9308361882271663,False
bag0,bag0_positive0.pcd,0,1.0,0,0.0048534234849827,0.00747877601834,0.0093760530618801,0.0281184214547988,0.0048357992890144,0.0074941990183131,0.0366152797911305,0.0004680069252667,0.0095455716617905,0.0185315856259571,31.21682418823243,23.535819931030293,1.3263537994304282,ctrl,0.5084476505907164,0.5059498550813218,False
bag0,bag0_positive1.pcd,0,1.0,0,0.0055933401799882,0.0088338050847772,0.01165465131725,0.0279245260924611,0.0055870015004067,0.0088313913902253,0.0895312245616753,0.0007406449529693,0.0095455716617905,0.0185315856259571,39.60550605773924,28.186275501251163,1.4051344263622623,ctrl,0.5859617818781359,0.6289073991016392,False
bag0,bag0_positive10.pcd,0,1.0,0,0.0048360631340496,0.0074517636237941,0.0093359927579031,0.0278667996830833,0.0048221729525358,0.0074321103866743,0.0599690036281487,0.0004855003480193,0.0095455716617905,0.0185315856259571,37.4210151672363,27.18148483276367,1.376709749208779,ctrl,0.5066289694736293,0.5037881240354426,False
bag0,bag0_positive11.pcd,0,1.0,0,0.0090080372949586,0.0113559724922622,0.0137676294428358,0.0298665103221664,0.0089381561140775,0.0114784834589534,0.1786982707447758,0.0019078273260974,0.0095455716617905,0.0185315856259571,81.86023712158203,38.84605407714844,2.107298645031159,ctrl,0.9436875667715564,0.7429277624010516,False
bag0,bag0_positive12.pcd,0,1.0,0,0.0047618969525536,0.0074341540600058,0.0092296453996699,0.0277064440317092,0.0047547851674927,0.0074413235003209,0.0383511892798946,0.0003575800165217,0.0095455716617905,0.0185315856259571,40.573463439941406,23.531393814086915,1.7242269523215563,ctrl,0.49885927436014793,0.4980494160597883,False
bag0,bag0_positive13.pcd,0,1.0,0,0.006398093683403,0.0097244589556391,0.0121062027752696,0.0427983208156672,0.0064066301725848,0.0097368683196568,0.0366686232686167,0.0004097094128553,0.0095455716617905,0.0185315856259571,41.533390579223635,27.309196586608888,1.5208572851092077,ctrl,0.6702682573756807,0.6532739841922919,False
bag0,bag0_positive14.pcd,0,1.0,0,0.0049552061224834,0.0075762971239339,0.0094245959124617,0.0274719972031986,0.004955145722495,0.0075687045804502,0.0423091317153839,0.0003148187446948,0.0095455716617905,0.0185315856259571,229.56499023437487,27.136333847045893,8.459690668913469,ctrl,0.5191104627414146,0.5085693206554714,False
bag0,bag0_positive2.pcd,0,1.0,0,0.0055927137071432,0.0087800027738065,0.0115288956983087,0.02775810382386,0.0055511321500893,0.0087896447237968,0.1037927470637487,0.0009340426685134,0.0095455716617905,0.0185315856259571,28.06561851501465,21.908334922790527,1.2810475380225679,ctrl,0.5858961521948444,0.6221213840525461,False
bag0,bag0_positive3.pcd,0,1.0,0,0.0048375587530266,0.0074387162980797,0.0093275313710997,0.0277416410255636,0.0048373882365114,0.0074525718336089,0.0150509502336105,0.0003678873397704,0.0095455716617905,0.0185315856259571,36.0889778137207,23.095691833496094,1.5625848350375118,ctrl,0.506785651444075,0.503331531330739,False
bag0,bag0_positive4.pcd,0,1.0,0,0.0063387449644897,0.0097182864662746,0.012083871463085,0.0425459081393226,0.0063229395285831,0.0097265844245991,0.0485336609501458,0.0003396301513792,0.0095455716617905,0.0185315856259571,46.29649829864502,30.18416452407837,1.5338008862797443,ctrl,0.6640508488205846,0.6520689436396194,False
bag0,bag0_positive5.pcd,0,1.0,1,0.0056423681355841,0.0088813741484827,0.0116727021138572,0.0281129960224095,0.0055555903396892,0.0088202820610909,0.1381009822697654,0.0017291277752716,0.0095455716617905,0.0185315856259571,39.11733322143557,25.353105354309083,1.5429010637857459,ctrl,0.5910979808752218,0.6298814548015419,False
bag0,bag0_positive6.pcd,0,1.0,0,0.0055077249670665,0.008738175051181,0.011531279004042,0.0282154173318376,0.0054497755734277,0.0087286767076875,0.0740622196344989,0.0008932338652534,0.0095455716617905,0.0185315856259571,38.32418739318849,22.997199516296387,1.6664719269853279,ctrl,0.5769926791407477,0.6222499918134472,False
bag0,bag0_positive7.pcd,0,1.0,0,0.0049364133964073,0.007558953968144,0.0093991372779675,0.0275696784382247,0.0049285437519855,0.0075466428890561,0.0886186111991285,0.0005316852821893,0.0095455716617905,0.0185315856259571,68.08814186096178,29.684352416992173,2.2937384957734896,ctrl,0.5171417251171061,0.507195523776561,False
bag0,bag0_positive8.pcd,0,1.0,0,0.0048555967829838,0.0075017971147507,0.0094355287731594,0.0275144669469042,0.004849780489783,0.0074801049636945,0.0138727861850667,0.0003640482490342,0.0095455716617905,0.0185315856259571,46.21380348205587,26.91522037506104,1.717013750512569,ctrl,0.5086753266354943,0.5091592788446069,False
bag0,bag0_positive9.pcd,0,1.0,0,0.0050420763437231,0.0076175476837309,0.0093964168890294,0.0268539617526588,0.0050326734085011,0.0076116617650959,0.0295486918413825,0.0007028215590088,0.0095455716617905,0.0185315856259571,41.219280433654795,24.21272102355957,1.7023811736626968,ctrl,0.5282110409275727,0.5070487263576564,False
