cls,file,label,fitness,pose_idx,res_med,res_p90,res_p99,rev_p90,ref_res_med,ref_res_p90,ref_rot_deg,ref_trans,loo_med,loo_p90
cap3,cap3_positive0.pcd,0,1.0,0,0.001911621987068801,0.0030148231212468717,0.003860283315351611,0.014633320862696886,0.0018881129615489667,0.003006160916832275,0.034763074650367445,0.000397741000175572,0.002111880167055672,0.0033355515582081173
cap3,cap3_positive1.pcd,0,1.0,0,0.0018766631724953008,0.0029776459435127854,0.003848166796453473,0.014617675839750557,0.0018678625921931568,0.002979222524196535,0.022346360989531636,0.0003129578385933347,0.002111880167055672,0.0033355515582081173
cap3,cap3_positive10.pcd,0,1.0,0,0.0018856976456877437,0.002988303862463726,0.00388427511068148,0.014562550305863526,0.0018622369590277675,0.0029817100016114894,0.06074236851099164,0.00031966745663327496,0.002111880167055672,0.0033355515582081173
cap3,cap3_positive11.pcd,0,1.0,0,0.0018753828946109408,0.0029905200989949077,0.003889259673527387,0.01461371655611437,0.001885337151351741,0.0029884804134802006,0.08172720517578493,0.00036996090329297326,0.002111880167055672,0.0033355515582081173
cap3,cap3_positive12.pcd,0,0.9911317567567568,0,0.002522782678727101,0.00468576582155836,0.025301520844026863,0.015379157911624058,0.0020020765358555632,0.0030855977918389224,8.241561234570387,0.018281328900007318,0.002111880167055672,0.0033355515582081173
cap3,cap3_positive13.pcd,0,1.0,0,0.006268898504998033,0.007136745599171369,0.007875590619775294,0.014742743537847254,0.006276550921399592,0.00712272352371506,0.03213470874214124,0.00022595536618566793,0.002111880167055672,0.0033355515582081173
cap3,cap3_positive14.pcd,0,1.0,0,0.0019892405798498185,0.0030871840327194077,0.003908407430972866,0.014772258649470182,0.001984863866340249,0.003054120366774457,0.09583523293181657,0.00017355715515629622,0.002111880167055672,0.0033355515582081173
cap3,cap3_positive2.pcd,0,1.0,0,0.0018552934941880586,0.0029676695341928315,0.0038166130169016896,0.014670863478709554,0.0018539203132257797,0.002966934536480362,0.08453730906219745,0.00043642533274198153,0.002111880167055672,0.0033355515582081173
cap3,cap3_positive3.pcd,0,1.0,0,0.006794075293086993,0.007894218019953877,0.008776223875242321,0.01509216555196028,0.006807142634645623,0.007854931965097523,0.1167750828458065,0.0005138120562555773,0.002111880167055672,0.0033355515582081173
cap3,cap3_positive4.pcd,0,1.0,0,0.0018732667473760941,0.0029999523110024865,0.003855933119781216,0.014622860622381724,0.00186128897189904,0.00299655541246952,0.02455101121355028,0.00021195301935208278,0.002111880167055672,0.0033355515582081173
cap3,cap3_positive5.pcd,0,1.0,0,0.0018729281362195541,0.002980809457213756,0.003875797415621173,0.014582475153526127,0.001872918897698687,0.0029812736741312803,0.2348325856504377,0.0006541828458649266,0.002111880167055672,0.0033355515582081173
cap3,cap3_positive6.pcd,0,1.0,0,0.006320148931575259,0.007220082925002171,0.00797427285278826,0.01490944222322716,0.0063099471542791465,0.00719901804222945,0.34838304346408294,0.000863141637585598,0.002111880167055672,0.0033355515582081173
cap3,cap3_positive7.pcd,0,1.0,0,0.0019113393407893093,0.00302493749479293,0.003889785363519,0.014604294521362525,0.001858506805826081,0.002973380400571862,0.32541893884305617,0.0012214421402333832,0.002111880167055672,0.0033355515582081173
cap3,cap3_positive8.pcd,0,1.0,0,0.0019369973630344246,0.003051275608966949,0.00399768742535808,0.014622063808835597,0.001890926285570352,0.0029958963488613574,0.5576753748373274,0.001459482456695302,0.002111880167055672,0.0033355515582081173
cap3,cap3_positive9.pcd,0,0.9824486301369864,0,0.002225568409181807,0.0036895694806320747,0.05306752732293052,0.015678259678749185,0.0018994512144635154,0.003012543125682247,12.148232091007754,0.02687997517514914,0.002111880167055672,0.0033355515582081173
cap5,cap5_positive0.pcd,0,0.8123526638378123,0,0.004447678093725607,0.17416693618101,0.4092575976934676,0.18219057842228983,0.0037786321710820076,0.17556819038617152,2.5008970358846927,0.010599080800247265,0.003302389347918723,0.004416106707709681
cap5,cap5_positive1.pcd,0,1.0,0,0.0021123886449116083,0.003193948150152218,0.0039541986183065665,0.014444920561198648,0.0020875162281541754,0.0031540832999148293,0.10108510739180311,0.0007631173955727516,0.003302389347918723,0.004416106707709681
cap5,cap5_positive10.pcd,0,1.0,0,0.0020403129011385664,0.0031344022641012644,0.003926267403867326,0.014299184986546778,0.0020284370263851425,0.003124214778662292,0.04032372047349666,0.00043807479936014757,0.003302389347918723,0.004416106707709681
cap5,cap5_positive11.pcd,0,1.0,0,0.002011726063228061,0.0031085686486789408,0.003929260919508471,0.014294139782055081,0.001992820027316086,0.0030828326026770395,0.13981445797256742,0.0007944842793065038,0.003302389347918723,0.004416106707709681
cap5,cap5_positive12.pcd,0,1.0,0,0.0020565324362764566,0.003137570906387193,0.003924330121505775,0.014146066907130574,0.0020466368268370243,0.003134473614351351,0.01656832725732729,0.00020489173918881803,0.003302389347918723,0.004416106707709681
cap5,cap5_positive13.pcd,0,1.0,0,0.0020898217930189517,0.0031629980257246223,0.003936891737718894,0.014100429186990745,0.0020381476677870714,0.0031238387889743553,0.06300871462674419,0.0009993297298856467,0.003302389347918723,0.004416106707709681
cap5,cap5_positive14.pcd,0,1.0,0,0.0020459639520790662,0.0031427140751009246,0.004007127433809481,0.01428245939574961,0.00195009515054473,0.0030527583017251397,0.5341539776978379,0.0016303243546958522,0.003302389347918723,0.004416106707709681
cap5,cap5_positive2.pcd,0,1.0,0,0.002119707739436075,0.0031678011911142993,0.003959133805049342,0.014305064505753794,0.0020790583712065203,0.003132117496243443,0.02811189842585433,0.000748642254654822,0.003302389347918723,0.004416106707709681
cap5,cap5_positive3.pcd,0,1.0,0,0.0019961395747925504,0.003079894407707559,0.003871759178404373,0.014188118386369002,0.0019934919844562535,0.003075755388683604,0.0430240794299775,0.00020700855056724477,0.003302389347918723,0.004416106707709681
cap5,cap5_positive4.pcd,0,1.0,0,0.0019792626079858126,0.00308242462705853,0.0038912998934038374,0.014028029462577113,0.0019487076607484256,0.003042772106381001,0.0644797349997736,0.0004982472415307969,0.003302389347918723,0.004416106707709681
cap5,cap5_positive5.pcd,0,1.0,0,0.0019595463183162557,0.003080181950910316,0.0038432008846750517,0.01424632889935249,0.0019628585451268643,0.0030513746084490537,0.24507693194600116,0.0007891596873144833,0.003302389347918723,0.004416106707709681
cap5,cap5_positive6.pcd,0,1.0,0,0.0020059635270165627,0.0030871822574405016,0.003867587799882066,0.014279972261686206,0.0020047912949953516,0.0030727393700204246,0.026658591389545017,0.0003399902729966958,0.003302389347918723,0.004416106707709681
cap5,cap5_positive7.pcd,0,1.0,0,0.002033354628626656,0.003112271947114123,0.0038928204855428715,0.014276463897252309,0.00199726787276898,0.0030868130585113766,0.053970679061527346,0.0005604585072435128,0.003302389347918723,0.004416106707709681
cap5,cap5_positive8.pcd,0,1.0,0,0.004606487124830628,0.006117383998222924,0.00696716457979631,0.014239743747236253,0.004601164181584057,0.006119884476363426,0.0769877453221247,0.000362104246150772,0.003302389347918723,0.004416106707709681
cap5,cap5_positive9.pcd,0,1.0,0,0.0020133063291025827,0.0030885662133589863,0.0038761638384847397,0.014207842082723675,0.0019954770475085694,0.003082829457603521,0.03187760978987762,0.00046674603734629016,0.003302389347918723,0.004416106707709681
vase0,vase0_positive0.pcd,0,1.0,0,0.0017477581092087556,0.0026254750241849157,0.0032749919863997268,0.0139115387008487,0.0017466302864533158,0.002616118705656856,0.03178091107475646,0.00023038841701871653,0.001801282786867654,0.0027904866787595278
vase0,vase0_positive1.pcd,0,1.0,0,0.0015804871901261902,0.002500162744468908,0.0031623093257547984,0.013969209155960925,0.0015636935996149659,0.0024863455155947948,0.11906400036403564,0.00015207002767754098,0.001801282786867654,0.0027904866787595278
vase0,vase0_positive10.pcd,0,1.0,0,0.001560759305674982,0.002494943433850919,0.003197899257834951,0.014119035358421735,0.0015528046575061219,0.0024860200531562713,0.018882758431558275,0.0002472895610535022,0.001801282786867654,0.0027904866787595278
vase0,vase0_positive11.pcd,0,1.0,1,0.001861936255682389,0.0028294033852102824,0.0035719078481443126,0.013966687718480713,0.0017267984251657285,0.0026708733880442693,1.5388440467886124,0.0004257788282901295,0.001801282786867654,0.0027904866787595278
vase0,vase0_positive12.pcd,0,1.0,1,0.0018929210972319197,0.002950460897539136,0.003827172389644823,0.013845803820293231,0.001866551494686436,0.0028963480884806867,0.19679476322003206,0.0005269533776975212,0.001801282786867654,0.0027904866787595278
vase0,vase0_positive13.pcd,0,1.0,0,0.0017970168501647993,0.002711147153115004,0.0034218837218465774,0.01387054440277633,0.001743964066437147,0.0026367216419726004,1.093576246109478,0.00024352249915667897,0.001801282786867654,0.0027904866787595278
vase0,vase0_positive14.pcd,0,1.0,0,0.006669173703975147,0.007517462517021065,0.008206985243640047,0.014509980067315829,0.006679721492324273,0.0074649936676086754,0.8274682148420872,0.00031736354834660307,0.001801282786867654,0.0027904866787595278
vase0,vase0_positive2.pcd,0,1.0,3,0.0018472061153004084,0.0028289505273409363,0.003600715460658157,0.013946760460809978,0.0017403141492911577,0.0026762123062228273,1.0309095447424783,0.0006340190984522263,0.001801282786867654,0.0027904866787595278
vase0,vase0_positive3.pcd,0,1.0,2,0.001764708779638404,0.002661473826861482,0.0033546445054039482,0.01402419612582312,0.001752535331925568,0.0026430668589142595,0.04964699474314358,0.0004033748077774438,0.001801282786867654,0.0027904866787595278
vase0,vase0_positive4.pcd,0,1.0,2,0.0018886899182589418,0.002901420642133153,0.003731254468729383,0.013994992330331997,0.001707981986906253,0.0026318719994709527,2.6574280423252916,0.0003387812762084147,0.001801282786867654,0.0027904866787595278
vase0,vase0_positive5.pcd,0,1.0,1,0.001790483144137265,0.0027332345010154025,0.003475491463197812,0.014089732337220388,0.0017342707809398776,0.0026269285988953575,1.1179790289387497,0.0003291897006560627,0.001801282786867654,0.0027904866787595278
vase0,vase0_positive6.pcd,0,1.0,0,0.0017609448404891904,0.0026518053942172055,0.0033047029944665335,0.013985840747919075,0.0017458656704411844,0.0026341434302089564,0.5974935820557127,2.163405334308299e-05,0.001801282786867654,0.0027904866787595278
vase0,vase0_positive7.pcd,0,1.0,0,0.0017551946712461406,0.0026424129283238486,0.0033368469228978897,0.01406801411790182,0.001750958441177503,0.0026379755167427353,0.05864174014241905,7.011395979676817e-05,0.001801282786867654,0.0027904866787595278
vase0,vase0_positive8.pcd,0,1.0,2,0.0019262385762210928,0.0030121970957029003,0.003976232779121039,0.013886518120098917,0.001905166427712789,0.0029890103649021305,0.040387755835473514,0.00048763346719475035,0.001801282786867654,0.0027904866787595278
vase0,vase0_positive9.pcd,0,1.0,0,0.0016854228218941853,0.0025850524564771486,0.0032664076354920364,0.013847937490688024,0.0016827377428678646,0.002581842203100759,0.020663734473823275,0.00016037846998290955,0.001801282786867654,0.0027904866787595278
vase7,vase7_positive0.pcd,0,1.0,1,0.00400828826015477,0.006288111761713167,0.00799978685984886,0.01837907036596325,0.0038301495596936817,0.006132524556286179,3.664684271603384,0.00029073818428693155,0.004267974200245964,0.00678955350858383
vase7,vase7_positive1.pcd,0,1.0,0,0.003836150319731971,0.006171186708211921,0.0078455389994979,0.018543096724430285,0.0038344677118130333,0.006173301139384358,0.017293976452486256,2.0669442754000724e-05,0.004267974200245964,0.00678955350858383
vase7,vase7_positive10.pcd,0,1.0,0,0.0038376414685796097,0.006145676356171904,0.007760714473726482,0.0182886401793324,0.0038347196103867666,0.006111196930870099,0.07692174705258267,3.8625398474368645e-05,0.004267974200245964,0.00678955350858383
vase7,vase7_positive11.pcd,0,1.0,1,0.003967723885487222,0.006250296920427313,0.007906967530442066,0.01821465715780845,0.0037903442419913594,0.006135548041208027,3.413858740534678,0.00022114857085283013,0.004267974200245964,0.00678955350858383
vase7,vase7_positive12.pcd,0,1.0,1,0.00410988798919475,0.006391697681964349,0.008149930643091807,0.018537241773175818,0.003781886286487103,0.006132473995491584,5.296241406635084,0.00025742058113516593,0.004267974200245964,0.00678955350858383
vase7,vase7_positive13.pcd,0,1.0,0,0.0038126410925076563,0.006124948865927677,0.007764380342805628,0.018428714354797943,0.0038196994133449765,0.006109402529756023,0.0213120347260953,2.505872910373178e-05,0.004267974200245964,0.00678955350858383
vase7,vase7_positive14.pcd,0,1.0,0,0.0038455026957393847,0.0062066952370021565,0.00788077888284319,0.018509544475964507,0.0038459445531262306,0.006199989568321423,0.011830396983702982,4.148345405898978e-05,0.004267974200245964,0.00678955350858383
vase7,vase7_positive2.pcd,0,1.0,1,0.003857706978147073,0.006173407985275711,0.007870661903335978,0.018585349565493355,0.003829760365572148,0.006138118254997064,1.3965888725833424,8.065212269817802e-05,0.004267974200245964,0.00678955350858383
vase7,vase7_positive3.pcd,0,1.0,0,0.00380626835350866,0.006095430794386401,0.007853145475668283,0.01863546945412792,0.0038091648819464454,0.006105737629815302,0.010526409601571815,4.137978055825607e-05,0.004267974200245964,0.00678955350858383
vase7,vase7_positive4.pcd,0,1.0,0,0.003870302704569423,0.006221276439742381,0.008018745576120798,0.018678729923928834,0.0038655025134823728,0.0062026848646384,0.03309028527568699,3.283032708782807e-05,0.004267974200245964,0.00678955350858383
vase7,vase7_positive5.pcd,0,1.0,0,0.0038837795698453944,0.006206769648900405,0.007911679794014413,0.018743194671401484,0.003885920881235908,0.006212063702308619,0.047412690113158434,2.1500243572118767e-05,0.004267974200245964,0.00678955350858383
vase7,vase7_positive6.pcd,0,1.0,0,0.003810989524877172,0.006144096472094288,0.007821113156995248,0.018306370794230628,0.003812396596075511,0.0061319984448011565,0.03748526963286924,3.209385073258017e-05,0.004267974200245964,0.00678955350858383
vase7,vase7_positive7.pcd,0,1.0,0,0.003774564458975903,0.006073308734093679,0.007789764157318736,0.018365829484698205,0.003774988121641346,0.006074347010645597,0.006814032034322936,2.7272312972176342e-05,0.004267974200245964,0.00678955350858383
vase7,vase7_positive8.pcd,0,1.0,2,0.004027733845406278,0.0063059747308261875,0.008024777944455802,0.018558367009417997,0.0037647864278724666,0.006127588514408206,4.096779625055563,0.00011935993507992447,0.004267974200245964,0.00678955350858383
vase7,vase7_positive9.pcd,0,1.0,0,0.003807235962964956,0.00614432979036528,0.00782384626406095,0.018441693198333987,0.003809540979046655,0.006147635918535445,0.009110595506187775,1.7362436229112844e-05,0.004267974200245964,0.00678955350858383
helmet1,helmet1_positive0.pcd,0,1.0,0,0.0040793863007455335,0.006408158738050255,0.008664017540881325,0.02123476576234737,0.004065351085064152,0.00640585276717308,0.12057015814488843,0.0005304118983386902,0.004488145136151697,0.006984054268017365
helmet1,helmet1_positive1.pcd,0,1.0,0,0.0039461628474205136,0.006312294751068998,0.008330900157765962,0.020904488863845393,0.003938586473208326,0.0062812463791233975,0.18551287628808527,0.0005849266669990488,0.004488145136151697,0.006984054268017365
helmet1,helmet1_positive10.pcd,0,1.0,0,0.003925183552620378,0.006259501448782705,0.00818840105046357,0.021167386926242433,0.0039183426048867,0.006238639008097624,0.05704691211655608,0.00048201524537173825,0.004488145136151697,0.006984054268017365
helmet1,helmet1_positive11.pcd,0,1.0,0,0.004036553939919253,0.00640875755979094,0.008489544379556058,0.021085836952336335,0.004007623178936031,0.006335463090774995,0.13367958891207896,0.0007317710846064021,0.004488145136151697,0.006984054268017365
helmet1,helmet1_positive12.pcd,0,1.0,0,0.0040827859184778765,0.0064134549385852675,0.008402113679365298,0.02096995087057833,0.004036022874348672,0.006351631383377417,0.1849727125266022,0.00038240636345036855,0.004488145136151697,0.006984054268017365
helmet1,helmet1_positive13.pcd,0,1.0,0,0.0039041394142898273,0.006199505211104926,0.007927971960599868,0.02094946269926641,0.003902200624568206,0.006229642289267675,0.038436045575936106,9.807888464160158e-05,0.004488145136151697,0.006984054268017365
helmet1,helmet1_positive14.pcd,0,1.0,0,0.003909099491107938,0.006249435457365757,0.008188088413192126,0.021157792166072706,0.0039050004870263564,0.006248092142101817,0.035967296569768145,0.00012180896466076473,0.004488145136151697,0.006984054268017365
helmet1,helmet1_positive2.pcd,0,1.0,0,0.003968003688290613,0.006258048464923603,0.008229067322896922,0.021084052222607737,0.003967193725976813,0.006262551325908594,0.02760590654534659,0.00011565240238119887,0.004488145136151697,0.006984054268017365
helmet1,helmet1_positive3.pcd,0,1.0,0,0.004048204478415304,0.0063806640393126056,0.008645511366746161,0.020706480810584738,0.004032800662437063,0.006380205173207765,0.1378015702595446,0.00014722891844118032,0.004488145136151697,0.006984054268017365
helmet1,helmet1_positive4.pcd,0,1.0,0,0.003937661366443074,0.006208268039341193,0.008176878161878717,0.02089153489319526,0.003911308404045934,0.0062028190269135435,0.16841051906914745,0.0004638105527190351,0.004488145136151697,0.006984054268017365
helmet1,helmet1_positive5.pcd,0,1.0,0,0.0038960616335636366,0.006199849806197198,0.008082156744190518,0.021079194205216593,0.003897603438343069,0.006202649942518036,0.008316572853145106,4.088533271503201e-05,0.004488145136151697,0.006984054268017365
helmet1,helmet1_positive6.pcd,0,1.0,0,0.004043428076961202,0.006360158989538553,0.008405317045394985,0.021163605756055585,0.004007935597068461,0.006333226429387541,0.11039407079339995,0.00060435454372069,0.004488145136151697,0.006984054268017365
helmet1,helmet1_positive7.pcd,0,1.0,0,0.004005950937715942,0.006330631558431104,0.008560906751438405,0.021122444878812614,0.003985380382637075,0.006364873641748539,0.14482230464690793,0.0004744299021302541,0.004488145136151697,0.006984054268017365
helmet1,helmet1_positive8.pcd,0,1.0,0,0.003974539311373572,0.006299957032470839,0.008337816872385127,0.02130154111656773,0.0039584763624181535,0.006291567761298715,0.016384611166065266,0.000392401598707519,0.004488145136151697,0.006984054268017365
helmet1,helmet1_positive9.pcd,0,1.0,0,0.004281876398231773,0.006569409150305979,0.008651650959066037,0.021329495489723876,0.004248894868504281,0.006508087800308948,0.09630939131370214,0.0008413731075549188,0.004488145136151697,0.006984054268017365
bowl4,bowl4_positive0.pcd,0,1.0,0,0.004142064007695111,0.006452828426373423,0.008311521339650126,0.01621576704786373,0.0041546109470871565,0.006448979331966645,1.2464618254139312,0.0001341003931089768,0.004727569025120058,0.007264008426729259
bowl4,bowl4_positive1.pcd,0,1.0,0,0.004163971491074484,0.006473887420883288,0.008365418601626776,0.01609674775317661,0.0041632085664312195,0.006493461570399319,0.07300376190008516,6.806411625347575e-05,0.004727569025120058,0.007264008426729259
bowl4,bowl4_positive10.pcd,0,1.0,0,0.004121575181573762,0.0064378462066321945,0.00838196278891397,0.01647693209386896,0.004093070654008794,0.006425341485554198,0.08125038696770083,0.0011828391383732757,0.004727569025120058,0.007264008426729259
bowl4,bowl4_positive11.pcd,0,1.0,0,0.0041162097102738805,0.006413186701348089,0.008281159767127991,0.01617591960548938,0.0040887584487398956,0.006417215154302581,0.03029298679092392,0.0007321155012134497,0.004727569025120058,0.007264008426729259
bowl4,bowl4_positive12.pcd,0,1.0,0,0.004106381214662537,0.006417775460201901,0.00839912082924575,0.01642209142119673,0.004026068870132065,0.00635159138836759,0.7444619424423194,0.0004547851198265203,0.004727569025120058,0.007264008426729259
bowl4,bowl4_positive13.pcd,0,1.0,2,0.004144344054084847,0.006502370489089455,0.008438668883855157,0.016185886484192648,0.004139290678908046,0.006507271114184973,0.2833002546081634,0.0007332156727428126,0.004727569025120058,0.007264008426729259
bowl4,bowl4_positive14.pcd,0,1.0,0,0.004014696443629744,0.006420115372946727,0.008313241308744898,0.016164420092182816,0.004048397909895906,0.00638814787035939,0.18056538808844433,0.00029497821522612804,0.004727569025120058,0.007264008426729259
bowl4,bowl4_positive2.pcd,0,1.0,0,0.004157691758833166,0.006519960377953798,0.008341492576022382,0.016165967343304985,0.004164211215203419,0.00646807998147537,0.12066439814223769,0.0009772230500337286,0.004727569025120058,0.007264008426729259
bowl4,bowl4_positive3.pcd,0,1.0,0,0.004007059186443895,0.006365603467175611,0.00825265561408006,0.01623749085038147,0.004024482876546798,0.006346887148716794,0.09407193359412049,0.0001491090038767461,0.004727569025120058,0.007264008426729259
bowl4,bowl4_positive4.pcd,0,1.0,1,0.004160479084347355,0.006474116536907877,0.00828967173384391,0.01623125926050476,0.004145706546208584,0.006481451868273889,0.07668891358100102,0.0002327178001699073,0.004727569025120058,0.007264008426729259
bowl4,bowl4_positive5.pcd,0,1.0,1,0.004165491562569247,0.006519662948539185,0.008428793737810155,0.016116808462148788,0.004136773357400722,0.006490179451445993,1.3889274848593247,0.0004851423835849083,0.004727569025120058,0.007264008426729259
bowl4,bowl4_positive6.pcd,0,1.0,0,0.004063760443477206,0.006370998446065446,0.008219445370985297,0.016119172512529725,0.004045828476872536,0.00636259861824464,0.1794122151056925,6.355221340968899e-05,0.004727569025120058,0.007264008426729259
bowl4,bowl4_positive7.pcd,0,1.0,2,0.004179349408859257,0.006486734117895205,0.00836479940495899,0.01611422789507275,0.004165011217427407,0.006479833134814251,0.10161117894852455,0.0006633007486736198,0.004727569025120058,0.007264008426729259
bowl4,bowl4_positive8.pcd,0,1.0,1,0.0041646338564809435,0.006471092596808707,0.008406156011269629,0.01675052603873639,0.004130565038735376,0.006456358646768575,0.3429933016955724,0.0007657693927541528,0.004727569025120058,0.007264008426729259
bowl4,bowl4_positive9.pcd,0,1.0,1,0.004114019085886855,0.00641922299507446,0.008296977493417167,0.01620744881153937,0.004082323047323158,0.006397598921702994,0.3652416160228366,0.0005962211628179917,0.004727569025120058,0.007264008426729259
