,o_auroc,o_aupr,p_auroc,p_aupr,p_auroc_pooled,p_aupr_pooled,n_test,n_anom,glob_o_auroc,glob_p_auroc,glob_p_aupr,glob_p_auroc_pooled,glob_p_aupr_pooled,loc05_o_auroc,loc05_p_auroc,loc05_p_aupr,loc05_p_auroc_pooled,loc05_p_aupr_pooled,loc10_o_auroc,loc10_p_auroc,loc10_p_aupr,loc10_p_auroc_pooled,loc10_p_aupr_pooled,loc15_o_auroc,loc15_p_auroc,loc15_p_aupr,loc15_p_auroc_pooled,loc15_p_aupr_pooled,loc05_candidates,loc10_candidates,loc15_candidates,local_mem_size,align_fitness_mean,align_voxel,train_cut_n,train_cut_fit_mean,train_ref_mean,train_ref_std,train_ref_p50,train_ref_p90,train_ref_p99
airplane,0.8396,0.7746494310744763,0.9560824862267312,0.5982430756364644,0.962602615033522,0.2589570758675557,100.0,50.0,0.772,0.8904891817943782,0.3254666009299873,0.9295045118442276,0.2436687383353705,0.8576,0.9523420858208308,0.6321554900484043,0.9618986106121338,0.3085491733654217,0.8396,0.9560824862267312,0.5982430756364644,0.962602615033522,0.2589570758675557,0.8216000000000001,0.9535058524668996,0.5713330762827851,0.9618509651728318,0.2487962013578236,59.4104443359375,275.4657763671875,669.051943359375,49152.0,0.9694077350846192,0.05,4.0,1.0,14.33559799194336,5.198014259338379,15.37831211090088,19.792787551879883,21.937944412231445
candybar,0.9996,0.999607843137255,0.9965515723932842,0.84656549137959,0.9977527081353372,0.8287072993265145,100.0,50.0,0.982,0.989212890529151,0.7591540234868935,0.9902094492922372,0.7064964744573721,1.0,0.9970063973066082,0.8644794584629203,0.998019536243972,0.8326416405702278,0.9996,0.9965515723932842,0.84656549137959,0.9977527081353372,0.8287072993265145,0.9996,0.9963601379058384,0.8406371525775101,0.997654344213453,0.8200576122490677,138.11041015625,563.8532275390625,905.918486328125,57344.0,0.9999951004409604,0.05,8.0,1.0,11.459755897521973,4.027492046356201,12.313838958740234,15.694984436035156,17.725435256958008
car,0.8624,0.8845600536955179,0.9842643636685136,0.6350526675821975,0.9875828134994222,0.6127689840487355,100.0,50.0,0.6916,0.9258097209923898,0.3665735738277462,0.9447059917803304,0.3344853534076838,0.8928,0.9850965529358952,0.6336559344968596,0.98917035297922,0.662538145596254,0.8624,0.9842643636685136,0.6350526675821975,0.9875828134994222,0.6127689840487355,0.856,0.9809802633050976,0.6095009520119804,0.9841703915392176,0.5793897619278668,87.70759765625,371.37458984375,819.4292041015625,57344.0,0.9996736836397676,0.05,8.0,0.9113001505914202,15.3518705368042,5.500031471252441,16.615093231201172,20.84973907470703,22.75800895690918
chicken,0.7115384615384615,0.603439589948005,0.9203147322041276,0.4926297012624653,0.9104075523061138,0.1953240998096435,106.0,54.0,0.7795584045584045,0.8835298367183414,0.3177641379148224,0.8744024211641878,0.1668185669374695,0.7026353276353277,0.9216714002757246,0.5229410582049493,0.918243783805018,0.2285396419905905,0.7115384615384615,0.9203147322041276,0.4926297012624653,0.9104075523061138,0.1953240998096435,0.7094017094017094,0.9179862333120982,0.477766251246333,0.9102725978913012,0.1961801724468843,58.62754274764151,288.94145692069577,677.1173256928066,57344.0,0.9023838987286518,0.05,8.0,0.7201931024113671,12.731375694274902,4.949187755584717,13.868382453918455,17.67653465270996,20.14339828491211
diamond,1.0,1.0,0.9903439241153202,0.8381111091257049,0.9932287718287078,0.7893546520185006,100.0,50.0,0.9892,0.984292860526182,0.7851685884094991,0.9853992546045468,0.7027802149449962,1.0,0.9870801000051797,0.8275584302626287,0.9894689360383064,0.7740650797756312,1.0,0.9903439241153202,0.8381111091257049,0.9932287718287078,0.7893546520185006,1.0,0.990133008792318,0.8323042568477949,0.99287125124049,0.7823973660632018,54.779296875,225.7484228515625,512.532861328125,57344.0,0.99548773031131,0.05,8.0,0.997758811131548,7.395570755004883,2.402271032333374,7.830203533172607,9.786832809448242,11.127224922180176
duck,0.8964,0.8346558218650989,0.9944714470124052,0.7981674738573454,0.9919820706921972,0.5255240547749734,100.0,50.0,0.7016,0.98467113813355,0.5424292970181682,0.9821898133223664,0.2607095878496089,0.8932,0.9941389459530222,0.8034331729421784,0.9931198430089866,0.5846038280976298,0.8964,0.9944714470124052,0.7981674738573454,0.9919820706921972,0.5255240547749734,0.8928,0.992313478144944,0.7150903890595842,0.9907393881551054,0.476741850705272,71.5150732421875,302.5935888671875,688.9791455078125,59392.0,0.9354459384532596,0.05,9.0,0.9803746654772524,11.38078784942627,3.870070457458496,11.516971588134766,15.837058067321776,18.44141387939453
fish,0.9984,0.998467924528302,0.990304567324194,0.8274366868026857,0.9878994624265356,0.7347754505222199,100.0,50.0,0.8256,0.9262472366613176,0.5450292637083207,0.9331010399370406,0.4907900916341021,0.9976,0.9940819465783032,0.8555472664316786,0.9929574473334448,0.771393462059318,0.9984,0.990304567324194,0.8274366868026857,0.9878994624265356,0.7347754505222199,0.9972,0.9881963338411178,0.8048875956226402,0.9857899210045477,0.7179941201711091,101.3170751953125,419.029052734375,834.3178271484375,57344.0,0.9998435687465738,0.05,8.0,1.0,13.514347076416016,4.68593168258667,14.353668212890623,18.52109718322754,20.650876998901367
gemstone,0.8028,0.78658801923929,0.9710133630631076,0.6035243729472293,0.977450423566942,0.3163961261006257,100.0,50.0,0.8243999999999999,0.9820336724506946,0.5885761005747908,0.978872767015175,0.4622800361102537,0.7952,0.9441758847106394,0.5310619849987891,0.9576873306924488,0.216124663418565,0.8028,0.9710133630631076,0.6035243729472293,0.977450423566942,0.3163961261006257,0.8364,0.9801057472442862,0.6482604909623447,0.9839734416428148,0.4042758565142927,68.7956884765625,319.78248046875,710.3436279296875,57344.0,0.8806254190397073,0.05,8.0,0.7502461810869575,10.20558261871338,3.78769850730896,10.677078247070312,14.627401351928713,16.74949836730957
seahorse,0.802,0.7688178641615513,0.869767113157756,0.4019593735170539,0.8798227994936362,0.123205946064153,100.0,50.0,0.7532,0.8366344330203559,0.2663084005658815,0.8420592117427508,0.145846883696466,0.8108000000000001,0.8742624210587838,0.4567876793870314,0.8757077564379834,0.1086373705331839,0.802,0.869767113157756,0.4019593735170539,0.8798227994936362,0.123205946064153,0.8088,0.8772328795351342,0.4063516830277501,0.8904479604301511,0.1600881127600757,201.678935546875,812.5211767578126,1003.1688330078124,57344.0,0.9248476873200474,0.05,8.0,0.6807272843821389,17.224262237548828,5.823546886444092,18.797882080078125,22.72578811645508,24.603029251098636
shell,0.4575320512820512,0.4390652481838119,0.8443706006592718,0.3403288346340216,0.7720390572159678,0.021639376509089,100.0,48.0,0.5673076923076923,0.9145006663092792,0.4097598135660643,0.9040404433078276,0.2109875927979396,0.5028044871794872,0.792279782214473,0.3253319985869934,0.7255869379460282,0.017400945380376,0.4575320512820512,0.8443706006592718,0.3403288346340216,0.7720390572159678,0.021639376509089,0.4519230769230769,0.879420437324558,0.3462042052658136,0.8083767190085329,0.0263730045996677,43.7039208984375,215.8444189453125,549.8939453125,49152.0,0.8803076978633776,0.05,4.0,0.8758400339803902,17.370189666748047,5.407224178314209,18.69736671447754,22.184757232666016,24.146297454833984
starfish,0.8304,0.8346862577780748,0.9110155949604218,0.4759201303578004,0.9232905663086904,0.3191507237437918,100.0,50.0,0.8632000000000001,0.8876588221714894,0.3590813907155437,0.8846276513322929,0.2488672431207076,0.7852,0.901850609862532,0.4463134866102448,0.917662922052831,0.2685083505980036,0.8304,0.9110155949604218,0.4759201303578004,0.9232905663086904,0.3191507237437918,0.8480000000000001,0.9082644033286776,0.4631981858042462,0.9171296075228538,0.3124859492082352,135.3318359375,649.194150390625,1008.63515625,57344.0,0.9708598668565294,0.05,8.0,0.9166108690127736,17.7636775970459,5.581901550292969,19.25718307495117,22.713184356689453,24.524356842041016
toffees,0.9052,0.9258447231580356,0.9746539504902872,0.5987407515831312,0.9796801350756646,0.5557111580169617,100.0,50.0,0.8587999999999999,0.9447917205384252,0.4570134467767617,0.95021784386502,0.3969695552571619,0.8984,0.9758739186022696,0.6092687802911677,0.983982791616668,0.6123453319550024,0.9052,0.9746539504902872,0.5987407515831312,0.9796801350756646,0.5557111580169617,0.9004,0.9706464476137394,0.5963295603012635,0.9739628057817976,0.5358045315802807,110.6189111328125,478.6696826171875,852.2452099609375,57344.0,0.999935790055528,0.05,8.0,1.0,13.073643684387209,4.475972652435303,13.897456169128418,17.819515228271484,19.90704727172852
__mean__,0.842155876068376,0.8208652313974515,0.950262809606285,0.6213899723904742,0.9469782479652281,0.440126245566897,100.5,50.166666666666664,0.8007055080721748,0.9291560149871295,0.47686038645787326,0.9332775332673338,0.3642250282124276,0.844686651234568,0.9433216704436885,0.6257112283936538,0.94195885406392,0.44877896944501705,0.842155876068376,0.950262809606285,0.6213899723904742,0.9469782479652281,0.440126245566897,0.8435103988603988,0.9529287685678925,0.6093219832508372,0.9497699494669248,0.43838204496531485,94.2997276833972,410.2515020252924,769.3027971605985,56149.333333333336,0.9549011763783609,0.05000000000000001,7.416666666666667,0.9027542581728206,13.483888467152914,4.642445206642151,14.433619697888693,18.185806671778362,20.226210991541546
