,o_auroc,o_aupr,p_auroc,p_aupr,p_auroc_pooled,p_aupr_pooled,n_test,n_anom,glob_o_auroc,glob_p_auroc,glob_p_aupr,glob_p_auroc_pooled,glob_p_aupr_pooled,loc05_o_auroc,loc05_p_auroc,loc05_p_aupr,loc05_p_auroc_pooled,loc05_p_aupr_pooled,loc10_o_auroc,loc10_p_auroc,loc10_p_aupr,loc10_p_auroc_pooled,loc10_p_aupr_pooled,loc15_o_auroc,loc15_p_auroc,loc15_p_aupr,loc15_p_auroc_pooled,loc15_p_aupr_pooled,loc05_candidates,loc10_candidates,loc15_candidates,local_mem_size,align_fitness_mean,align_voxel,pose_switch_rate,train_cut_n,train_cut_fit_mean,train_ref_mean,train_ref_std,train_ref_p50,train_ref_p90,train_ref_p99
airplane,0.7868,0.6981992098515702,0.949682365096927,0.5509051797777776,0.9518023600395984,0.2131260530518013,100.0,50.0,0.74,0.8929294215176579,0.3229172032653697,0.9263199927640928,0.2661167988185962,0.7776000000000001,0.9593017872848604,0.6092208386324753,0.9573504419328096,0.263147553582869,0.7868,0.949682365096927,0.5509051797777776,0.9518023600395984,0.2131260530518013,0.8052000000000002,0.9476995229981175,0.5337741442795971,0.9533215350449676,0.2060879734219635,49.200400390625,230.005087890625,560.4101611328125,49152.0,0.9579232082701844,0.05,0.02,4.0,1.0,14.826080322265623,5.159755229949951,16.03455352783203,19.969934463500977,22.17207336425781
candybar,1.0,1.0,0.996280048011807,0.8407413952634768,0.9975531206934164,0.8254251133085864,100.0,50.0,0.9888,0.9889325399246506,0.7538134787378246,0.9906999053650928,0.7103361813417056,1.0,0.9968271704755578,0.8647215126114883,0.9978540763345822,0.8304153563282942,1.0,0.996280048011807,0.8407413952634768,0.9975531206934164,0.8254251133085864,0.9996,0.9960589684653188,0.8361254848340876,0.9974604725122954,0.8226826276601461,138.5822900390625,565.5213916015625,976.76654296875,57344.0,0.9999951004409604,0.05,0.13,8.0,1.0,11.127838134765623,4.545547962188721,12.172802925109863,15.997642517089844,18.074161529541016
car,0.826,0.8593963645115459,0.9845474674581048,0.620231749407558,0.9875663516276306,0.5975421791529876,100.0,50.0,0.69,0.9269377831034072,0.3673850196261727,0.9436034885646852,0.3464072716209621,0.8556,0.9837856698556944,0.6347939025438817,0.987665268067544,0.6701012969488962,0.826,0.9845474674581048,0.620231749407558,0.9875663516276306,0.5975421791529876,0.8151999999999999,0.9825321526915016,0.6239420569972313,0.9854971646836428,0.5645719123874051,84.0083154296875,354.142236328125,813.7253662109375,57344.0,0.9996736836397676,0.05,0.0,8.0,0.862225740427131,15.05837631225586,5.326250553131104,16.035858154296875,20.64749336242676,22.6190242767334
chicken,0.7361111111111112,0.6268589860686584,0.9384481408960498,0.5239842333080827,0.9224492991474872,0.2547920236828371,106.0,54.0,0.7617521367521367,0.8866218240089435,0.3360708556449978,0.878445534982414,0.1772376418753001,0.7353988603988604,0.9392289884556588,0.5493137641890021,0.9378446197048343,0.2754597503278785,0.7361111111111112,0.9384481408960498,0.5239842333080827,0.9224492991474872,0.2547920236828371,0.7215099715099715,0.9371804544713326,0.5076472162428993,0.9193722883671542,0.2475231629349862,52.88090083284198,260.3701908903302,640.6395470961085,57344.0,0.9243436873004744,0.05,0.0849056603773584,8.0,0.823017701321536,12.606390953063965,5.336194515228272,13.727538108825684,18.228384017944336,20.85000228881836
diamond,1.0,1.0,0.9903791529631992,0.8368235006355904,0.9931176068101356,0.7881918005589555,100.0,50.0,0.9864,0.9835935900974216,0.7768623746836205,0.9850160398626724,0.7014493937562839,1.0,0.986722080440307,0.8255579203970962,0.9891091360352324,0.7698610574459195,1.0,0.9903791529631992,0.8368235006355904,0.9931176068101356,0.7881918005589555,1.0,0.9902920957519864,0.8309947699812955,0.9929961361814112,0.7839276057797258,50.8163037109375,209.29787109375,475.1159423828125,57344.0,0.9953881641941292,0.05,0.52,8.0,0.9987162018673996,7.285673141479492,2.4706244468688965,7.797592639923096,9.72673511505127,11.053566932678224
duck,0.8852,0.8534814429771392,0.9785485647020264,0.6315121415500302,0.9843281284069588,0.2991341066068246,100.0,50.0,0.7627999999999999,0.9828020704497668,0.5039670612461001,0.982919222775564,0.2953395104650375,0.9116,0.9765827501509614,0.6761380336233259,0.9852379902566688,0.4367284164094253,0.8852,0.9785485647020264,0.6315121415500302,0.9843281284069588,0.2991341066068246,0.8748,0.9737475121383028,0.6083876839050298,0.9820093797669612,0.1905793035901471,59.8198974609375,250.03990234375,573.5209814453125,59392.0,0.9534357831249128,0.05,0.03,9.0,1.0,11.082048416137695,4.834554672241211,12.109087944030762,16.304906845092773,18.58302497863769
fish,0.9996,0.999607843137255,0.9906896195141448,0.8266391066842158,0.9889397126718696,0.7343480423481694,100.0,50.0,0.8552,0.9267215819220824,0.5435544625979776,0.9340075232101086,0.4963613280631284,0.9984,0.9944681764836384,0.8594978325064119,0.993845615591275,0.7744738698834487,0.9996,0.9906896195141448,0.8266391066842158,0.9889397126718696,0.7343480423481694,0.9964,0.9877638735832422,0.8042901940621406,0.9857373822818364,0.7072747884693796,102.61021484375,424.061669921875,924.3052099609376,57344.0,0.9998435687465738,0.05,0.0,8.0,1.0,13.48471450805664,4.857259273529053,14.257848739624023,18.894962310791016,21.086612701416016
gemstone,0.7828,0.7135643024909535,0.96792832611257,0.573069629447999,0.9764452516142418,0.2187872755717853,100.0,50.0,0.8312,0.9797368999347316,0.5874362514521653,0.9788429405087996,0.4345769966605751,0.744,0.9489941653250508,0.5586201446544916,0.9554758105638468,0.1305550352239159,0.7828,0.96792832611257,0.573069629447999,0.9764452516142418,0.2187872755717853,0.8564,0.982696363767284,0.6618204096303263,0.9854592204617167,0.4796497538251454,61.4951953125,280.380732421875,667.93638671875,57344.0,0.9009419788537352,0.05,0.04,8.0,0.7510164511492454,10.79096508026123,3.734945297241211,11.248001098632812,14.982614517211914,17.045907974243164
seahorse,0.824,0.7298892011285978,0.900435345441667,0.4874301311585639,0.9104824478549864,0.1554565030900421,100.0,50.0,0.7788,0.8629370859693476,0.2853460259656852,0.8708111526210326,0.1673597785994267,0.8496,0.8942627515844535,0.5434630626240521,0.9064860700827654,0.137693221274412,0.824,0.900435345441667,0.4874301311585639,0.9104824478549864,0.1554565030900421,0.808,0.9002097923416187,0.4573429975092709,0.908159416274114,0.1639261191635874,228.9034033203125,862.5559716796874,1003.342744140625,57344.0,0.9597489348598028,0.05,0.06,8.0,0.8901023269852235,17.304332733154297,5.748221397399902,18.84735870361328,22.71312713623047,24.66183280944824
shell,0.5669070512820513,0.5396927970191477,0.841920967608246,0.3763741025988515,0.7762817810121972,0.0395018238858381,100.0,48.0,0.6009615384615385,0.902587232583306,0.3647796062812841,0.8903939448589048,0.178189060189341,0.5580929487179487,0.8044276868477183,0.3602382368682273,0.7411470415076394,0.0247527939370784,0.5669070512820513,0.841920967608246,0.3763741025988515,0.7762817810121972,0.0395018238858381,0.5372596153846154,0.8683601898501193,0.3570115707123397,0.8108639352993747,0.0280971096417021,52.31587890625,249.035625,635.0827001953126,49152.0,0.8928564964202721,0.05,0.14,4.0,0.9252902759844428,17.142934799194336,5.317976474761963,18.49950790405273,21.8128604888916,23.677385330200195
starfish,0.8824,0.9020463632264304,0.920371776062389,0.4926533227347119,0.9325231896453446,0.4532546828695131,100.0,50.0,0.9048,0.8945582261729956,0.3828110013284468,0.8969334771030072,0.28342094487938,0.8412,0.9122337436338136,0.4873813466539762,0.9324499651004649,0.4304710310489369,0.8824,0.920371776062389,0.4926533227347119,0.9325231896453446,0.4532546828695131,0.8972,0.919895437304432,0.4779734303608192,0.931317422378229,0.4337304152699043,133.4007080078125,636.85869140625,967.0039892578123,57344.0,0.9973688729194672,0.05,0.26,8.0,0.9727965706776353,17.689777374267578,5.65415096282959,19.22776985168457,22.71564483642578,24.515626907348636
toffees,0.9212,0.9379895422860683,0.9769104261667646,0.6146909006139403,0.982581975651734,0.5792787060815691,100.0,50.0,0.8856,0.9475082617175636,0.4827266754514611,0.952278188326536,0.4620837979271449,0.9268,0.9802307614698452,0.6400141287059168,0.9867913547151068,0.6333790475584665,0.9212,0.9769104261667646,0.6146909006139403,0.982581975651734,0.5792787060815691,0.9108,0.973037941064438,0.6131322426353553,0.97626189380322,0.5615420287454127,110.5408447265625,476.6566943359375,965.04515625,57344.0,0.999935790055528,0.05,0.04,8.0,1.0,13.20220947265625,4.556483268737793,13.971501350402832,18.20229148864746,20.37865829467773
__mean__,0.8509181801994302,0.821727171058114,0.9530118500028246,0.6145879494317331,0.9503392687646334,0.4299031925174091,100.5,50.166666666666664,0.8155261396011396,0.9313222097834895,0.4756391680234255,0.9358559509119092,0.37657322534974,0.8498576507597341,0.94808881100063,0.6340800603341954,0.9476047824910642,0.448086535830795,0.8509181801994302,0.9530118500028246,0.6145879494317331,0.9503392687646334,0.4299031925174091,0.8518641322412156,0.9549561920356412,0.6093701834291995,0.9523713539212436,0.432466066740792,93.71452941510661,399.91050540948066,766.9078939800141,56149.333333333336,0.9651212724021505,0.05000000000000001,0.11040880503144655,7.416666666666667,0.9352637723677178,13.466778437296549,4.795163671175639,14.494118412335714,18.349716424942017,20.393156449000042
