category,o_auroc,o_aupr,p_auroc,p_aupr,p_auroc_pooled,p_aupr_pooled,n_test,n_anom
airplane,0.6015999999999999,0.62176975618079,0.8230362307875168,0.1342048051266226,0.8929262558594607,0.0483527665857939,100.0,50.0
candybar,0.7048,0.7235661784835219,0.9649131085042452,0.4474211956784744,0.96567225451516,0.2936707081838746,100.0,50.0
car,0.5744,0.6077780536475265,0.8780006085779918,0.1326571477708001,0.8990115218738219,0.0861743032997388,100.0,50.0
chicken,0.5758547008547008,0.5873857133683934,0.84328806575077,0.2150252131341562,0.8322755684504286,0.0949557387494256,106.0,54.0
diamond,0.9784,0.9805082163726988,0.9907261420438837,0.8416149382316164,0.9935318853817604,0.800556967834691,100.0,50.0
duck,0.7756,0.7202492721450782,0.9406930829173966,0.208231051353126,0.9522266911982508,0.0797438244260996,100.0,50.0
fish,0.6567999999999999,0.6679587658160862,0.9207825813107064,0.3849940199354731,0.9379384840235808,0.3448625262896665,100.0,50.0
gemstone,0.6828,0.5822772485187095,0.9398926428049644,0.5603075527764116,0.9698637777291916,0.2083333603016814,100.0,50.0
seahorse,0.5144,0.6159292262460597,0.8044339390661872,0.2203680489824848,0.8172713490335841,0.1179867238079419,100.0,50.0
shell,0.405849358974359,0.4332281530045301,0.8684809135574557,0.220937962696451,0.872747807997026,0.0870996592206651,100.0,48.0
starfish,0.6512,0.607830954017219,0.7978077707756281,0.1788403086195244,0.8186180181622127,0.1029798432302365,100.0,50.0
toffees,0.6115999999999999,0.6822797427567713,0.7867433218045438,0.0921666825105193,0.8319586005307714,0.036743941740283,100.0,50.0
__mean__,0.644442004985755,0.6525634400464485,0.8798998673251074,0.3030640772346383,0.8986701845629375,0.1917883636391748,100.5,50.16666666666666
ashtray0,1.0,0.9999999999999998,0.9763969260498916,0.7882052642239626,0.9810833326867624,0.7339176221775215,29.0,14.0
bag0,0.8523809523809524,0.8709599062083533,0.950384337585534,0.5758955243072631,0.9495467963425588,0.4533894224250129,29.0,14.0
bottle0,0.9476190476190476,0.9593837535014004,0.9902038190182296,0.809419575887784,0.989717524261566,0.6793144711907091,29.0,14.0
bottle1,0.9964912280701754,0.9973684210526316,0.790468420340106,0.6322002023633273,0.7746088590849486,0.0287556603214153,34.0,19.0
bottle3,0.961904761904762,0.9730927636755188,0.8471064498219356,0.5790600855200453,0.8132914098034979,0.0277633212681306,36.0,21.0
bowl0,1.0,1.0,0.9967335256211532,0.9239460978405452,0.9974856235157638,0.9381162504316092,33.0,18.0
bowl1,0.9333333333333332,0.9632850241545894,0.9881682571011674,0.7683384794506952,0.9821704102642812,0.6759187788726735,33.0,18.0
bowl2,0.7814814814814814,0.7462045682996238,0.9930639383381324,0.7467271618971735,0.99055646499238,0.550613351061339,33.0,18.0
bowl3,0.9592592592592591,0.9658347939565688,0.9965863764206558,0.7956003692594309,0.9968858842666032,0.7112635390068662,33.0,18.0
bowl4,0.9296296296296296,0.9417423505810232,0.9936889268560356,0.751805587560466,0.9951218850746536,0.678998978391814,33.0,18.0
bowl5,0.9473684210526316,0.9694186446508428,0.9578884550170904,0.7405246142745155,0.9819932580728438,0.8293886144669512,34.0,19.0
bucket0,0.9492063492063492,0.9766233766233768,0.8202989566332057,0.5748272947729077,0.7946206839923524,0.0470046220994304,36.0,21.0
bucket1,0.8158730158730159,0.9003446888581166,0.8525887421772583,0.6274155254686695,0.970483381515547,0.7988951476456055,36.0,21.0
cap0,0.874074074074074,0.9264045446412597,0.9156740694480588,0.673160400625589,0.9823634818032548,0.8458984609956552,33.0,18.0
cap3,0.887719298245614,0.923683507087366,0.9313709576563088,0.679966623137476,0.9620235962417546,0.6923238166233141,34.0,19.0
cap4,0.8736842105263157,0.9171896942192096,0.9405537287627218,0.6965600314357764,0.9652803496503538,0.5768029594114862,34.0,19.0
cap5,0.8385964912280701,0.896640576523702,0.9444606223566182,0.5837334367440028,0.9833245313939458,0.651206889396438,34.0,19.0
cup0,0.9952380952380953,0.995238095238095,0.9944472712596204,0.8421949324029605,0.9962457508404912,0.8543409663418722,29.0,14.0
cup1,0.9857142857142858,0.985969387755102,0.9907255582647144,0.7863128226475536,0.9866546021748958,0.6846156086158923,29.0,14.0
eraser0,1.0,0.9999999999999998,0.9928482593924004,0.8988776903134308,0.9923639183482909,0.8326193561582343,29.0,14.0
headset0,0.72,0.6405489880489881,0.8905961763189371,0.4645672672329414,0.8949740015625812,0.1219761371297284,30.0,15.0
headset1,0.7047619047619047,0.7226020725429172,0.9687977433928346,0.5708422015999791,0.9709399393830076,0.3474635270792168,29.0,14.0
helmet0,0.7942028985507247,0.8976505047069028,0.8290686065935354,0.6426271355897036,0.9400270110852847,0.75739401761814,38.0,23.0
helmet1,0.9285714285714286,0.8934585256013827,0.980734314461521,0.6052281924284026,0.985820644244534,0.4497168690766575,29.0,14.0
helmet2,0.8782608695652174,0.9357197232824358,0.9420865482474562,0.6138926197785022,0.9573544802425032,0.6275751684308704,38.0,23.0
helmet3,0.7575757575757576,0.8647566893890422,0.9271642001448512,0.5504681559492511,0.9827153046514542,0.7230022344111413,37.0,22.0
jar0,0.8142857142857143,0.812055723098956,0.9845877361166312,0.6126519796136966,0.9816538291944517,0.4011259015463804,29.0,14.0
microphone0,1.0,0.9999999999999998,0.9939098648407498,0.9231091550844376,0.9957272775102604,0.8970019560820102,29.0,14.0
shelf0,0.7942028985507247,0.8808386775055294,0.7740869250969069,0.5360242960402191,0.9243863203698848,0.5901444208822955,38.0,23.0
tap0,0.7696969696969697,0.8620001037821676,0.9281851788947524,0.4347467063415476,0.9590187857555108,0.389341928075401,37.0,22.0
tap1,0.4518518518518518,0.5153626287099072,0.7174095743245766,0.1402543036112498,0.741869601531664,0.0348288612892319,33.0,18.0
vase0,0.8541666666666666,0.8105494332056833,0.968171717242668,0.6884117567046979,0.9507579018194268,0.2018351339100356,31.0,16.0
vase1,0.9666666666666668,0.973469387755102,0.9391643587464416,0.6757319439545474,0.9211379167622028,0.6113813412736328,29.0,14.0
vase2,0.9904761904761904,0.9901360544217686,0.9948167931001646,0.7571509946938045,0.995763243122801,0.6814272497363656,29.0,14.0
vase3,0.8151515151515152,0.88002692416568,0.8623725108972167,0.5676361442523375,0.95593841640291,0.210688723378172,37.0,22.0
vase4,0.8515151515151514,0.8989615743837527,0.9740228951276608,0.5829784484784738,0.9891646459973936,0.645462333217319,37.0,22.0
vase5,1.0,0.9999999999999998,0.9972871202909336,0.8939321446436717,0.9977721953667,0.8715094217917241,29.0,14.0
vase7,0.9952380952380953,0.995238095238095,0.9980921865531256,0.8363175863626949,0.998396442005378,0.8191786512945632,29.0,14.0
vase8,0.8454545454545455,0.9244088131120214,0.9524249307704512,0.7490819631508953,0.9870995605752844,0.8917698453553906,37.0,22.0
vase9,0.7787878787878788,0.8671461402818137,0.9287937388499375,0.6196732824325607,0.9782543558103078,0.6157696603005757,37.0,22.0
__mean__,0.8810110234551025,0.9068578539064732,0.9353857679533047,0.6735024499519298,0.9548648404430068,0.5794935304695206,32.8,17.8
